department_id,department,scheme_id,scheme,url
1,अनुसूचित जाति कल्याण विभाग,1,अस्वच्छ धंधा छात्रवृत्ति,https://cmhelpline.mp.gov.in/KnowYourEntitleDetail.aspx?status=ByVibhag&pointvalue=2&Schemeid=1
1,अनुसूचित जाति कल्याण विभाग,2,कन्या साक्षरता प्रोत्साहन योजना (कक्षा 11वी),https://cmhelpline.mp.gov.in/KnowYourEntitleDetail.aspx?status=ByVibhag&pointvalue=2&Schemeid=2
1,अनुसूचित जाति कल्याण विभाग,5,छात्रावास,https://cmhelpline.mp.gov.in/KnowYourEntitleDetail.aspx?status=ByVibhag&pointvalue=2&Schemeid=5
1,अनुसूचित जाति कल्याण विभाग,6,पोस्ट मैट्रिक छात्रवंत्ति (कक्षा 11वीं एवं 12वी),https://cmhelpline.mp.gov.in/KnowYourEntitleDetail.aspx?status=ByVibhag&pointvalue=2&Schemeid=6
1,अनुसूचित जाति कल्याण विभाग,7,महाविद्यालयीन पोस्ट मैट्रिक छात्रवृत्ति,https://cmhelpline.mp.gov.in/KnowYourEntitleDetail.aspx?status=ByVibhag&pointvalue=2&Schemeid=7
1,अनुसूचित जाति कल्याण विभाग,8,राज्य छात्रवृत्ति (कक्षा 1 से 5),https://cmhelpline.mp.gov.in/KnowYourEntitleDetail.aspx?status=ByVibhag&pointvalue=2&Schemeid=8
1,अनुसूचित जाति कल्याण विभाग,9,राज्य छात्रवृत्ति (कक्षा 6 से 10),https://cmhelpline.mp.gov.in/KnowYourEntitleDetail.aspx?status=ByVibhag&pointvalue=2&Schemeid=9
1,अनुसूचित जाति कल्याण विभाग,14,अत्याचार निवारण अधिनियम के तहत आर्थिक सहायता,https://cmhelpline.mp.gov.in/KnowYourEntitleDetail.aspx?status=ByVibhag&pointvalue=2&Schemeid=14
1,अनुसूचित जाति कल्याण विभाग,611,अनुसूचित जाति सीनियर छात्रावास का संचालन (1398),https://cmhelpline.mp.gov.in/KnowYourEntitleDetail.aspx?status=ByVibhag&pointvalue=2&Schemeid=611
1,अनुसूचित जाति कल्याण विभाग,434,सिविल सेवा प्रोत्साहन योजना,https://cmhelpline.mp.gov.in/KnowYourEntitleDetail.aspx?status=ByVibhag&pointvalue=2&Schemeid=434
1,अनुसूचित जाति कल्याण विभाग,436,डॉ. भीमराव अंबेडकर मेधावी विद्यार्थी पुरस्कार योजना,https://cmhelpline.mp.gov.in/KnowYourEntitleDetail.aspx?status=ByVibhag&pointvalue=2&Schemeid=436
1,अनुसूचित जाति कल्याण विभाग,437,दिल्ली में उच्च शिक्षा हेतु छात्रावासी सुविधा,https://cmhelpline.mp.gov.in/KnowYourEntitleDetail.aspx?status=ByVibhag&pointvalue=2&Schemeid=437
1,अनुसूचित जाति कल्याण विभाग,614,उत्‍कृष्‍ट सीनियर छात्रावास का संचालन (7562),https://cmhelpline.mp.gov.in/KnowYourEntitleDetail.aspx?status=ByVibhag&pointvalue=2&Schemeid=614
1,अनुसूचित जाति कल्याण विभाग,610,अनुसूचित जाति बालक/बालिकाओ आवास सहायता योजना,https://cmhelpline.mp.gov.in/KnowYourEntitleDetail.aspx?status=ByVibhag&pointvalue=2&Schemeid=610
1,अनुसूचित जाति कल्याण विभाग,635,खेलकूद गतिविधियॉं (1084),https://cmhelpline.mp.gov.in/KnowYourEntitleDetail.aspx?status=ByVibhag&pointvalue=2&Schemeid=635
1,अनुसूचित जाति कल्याण विभाग,633,शासकीय ज्ञानोदय विद्यालय की स्‍थापना एवं संचालन (8829),https://cmhelpline.mp.gov.in/KnowYourEntitleDetail.aspx?status=ByVibhag&pointvalue=2&Schemeid=633
1,अनुसूचित जाति कल्याण विभाग,632,विद्यार्थी कल्‍याण योजना (3997),https://cmhelpline.mp.gov.in/KnowYourEntitleDetail.aspx?status=ByVibhag&pointvalue=2&Schemeid=632
1,अनुसूचित जाति कल्याण विभाग,608,नागरिक अधिकार संरक्षण अधिनियम 1955 अंतर्गत अनुसूचित जाति अनुसूचित जनजाति (अत्‍याचार निवारण) अधिनियम 1989 का क्रियान्‍वयन,https://cmhelpline.mp.gov.in/KnowYourEntitleDetail.aspx?status=ByVibhag&pointvalue=2&Schemeid=608
1,अनुसूचित जाति कल्याण विभाग,609,अनुसूचित जाति छात्रावास का संचालन (4717),https://cmhelpline.mp.gov.in/KnowYourEntitleDetail.aspx?status=ByVibhag&pointvalue=2&Schemeid=609
1,अनुसूचित जाति कल्याण विभाग,612,अस्‍पृश्‍यता निवाणार्थ अंतर्जातीय विवाह प्रोत्‍साहन योजना,https://cmhelpline.mp.gov.in/KnowYourEntitleDetail.aspx?status=ByVibhag&pointvalue=2&Schemeid=612
4,उच्च शिक्षा विभाग,45,अनुसूचित जाति एवं जनजाति के छात्र-छात्राओं को शोध(पी-एचडी)हेतु शोध छात्रवृत्ति,https://cmhelpline.mp.gov.in/KnowYourEntitleDetail.aspx?status=ByVibhag&pointvalue=2&Schemeid=45
4,उच्च शिक्षा विभाग,46,एकीकृत छात्रवृत्तियां,https://cmhelpline.mp.gov.in/KnowYourEntitleDetail.aspx?status=ByVibhag&pointvalue=2&Schemeid=46
4,उच्च शिक्षा विभाग,48,गाँव की बेटी,https://cmhelpline.mp.gov.in/KnowYourEntitleDetail.aspx?status=ByVibhag&pointvalue=2&Schemeid=48
4,उच्च शिक्षा विभाग,50,प्रतीभा किरण,https://cmhelpline.mp.gov.in/KnowYourEntitleDetail.aspx?status=ByVibhag&pointvalue=2&Schemeid=50
4,उच्च शिक्षा विभाग,52,शुल्क  की वापसी,https://cmhelpline.mp.gov.in/KnowYourEntitleDetail.aspx?status=ByVibhag&pointvalue=2&Schemeid=52
4,उच्च शिक्षा विभाग,794,दिव्यांग विद्यार्थियों को कंप्यूटर एवं प्रबंधन में शिक्षा प्राप्त करने के लिए जीवन निर्वाह एवं परिवहन भत्ता,https://cmhelpline.mp.gov.in/KnowYourEntitleDetail.aspx?status=ByVibhag&pointvalue=2&Schemeid=794
4,उच्च शिक्षा विभाग,796,प्रतिभाशाली विद्यार्थियों को विदेश अध्ययन हेतु छात्रवृृ‍त्ति,https://cmhelpline.mp.gov.in/KnowYourEntitleDetail.aspx?status=ByVibhag&pointvalue=2&Schemeid=796
4,उच्च शिक्षा विभाग,797,SC/ST छात्रो को निशुल्क बुक्स एवं स्टेशनरी डिस्ट्रीब्यूशन,https://cmhelpline.mp.gov.in/KnowYourEntitleDetail.aspx?status=ByVibhag&pointvalue=2&Schemeid=797
4,उच्च शिक्षा विभाग,798,दिव्यांग विद्यार्थियों को शोध छात्रवृत्ति,https://cmhelpline.mp.gov.in/KnowYourEntitleDetail.aspx?status=ByVibhag&pointvalue=2&Schemeid=798
4,उच्च शिक्षा विभाग,799,संस्कृत छात्रवृत्ति,https://cmhelpline.mp.gov.in/KnowYourEntitleDetail.aspx?status=ByVibhag&pointvalue=2&Schemeid=799
5,उद्यानिकी एवं खाद्य प्रसंस्करण विभाग,529,फल पौध रोपण योजना,https://cmhelpline.mp.gov.in/KnowYourEntitleDetail.aspx?status=ByVibhag&pointvalue=2&Schemeid=529
5,उद्यानिकी एवं खाद्य प्रसंस्करण विभाग,540,खाद्य प्रसंस्कतरण उद्योगों के लिये विशिष्ट वित्तीय सहायताएं,https://cmhelpline.mp.gov.in/KnowYourEntitleDetail.aspx?status=ByVibhag&pointvalue=2&Schemeid=540
5,उद्यानिकी एवं खाद्य प्रसंस्करण विभाग,542,प्रधान मंत्री सिंचाई योजना (PMKSY) के अन्तसर्गत केन्द्र  परिवर्तित माईक्रोइरिगेशन (Per Drop more corp):-,https://cmhelpline.mp.gov.in/KnowYourEntitleDetail.aspx?status=ByVibhag&pointvalue=2&Schemeid=542
5,उद्यानिकी एवं खाद्य प्रसंस्करण विभाग,543,राष्ट्रीय कृषि विकास योजना,https://cmhelpline.mp.gov.in/KnowYourEntitleDetail.aspx?status=ByVibhag&pointvalue=2&Schemeid=543
5,उद्यानिकी एवं खाद्य प्रसंस्करण विभाग,531,मसाला क्षेत्र विस्‍तार योजना,https://cmhelpline.mp.gov.in/KnowYourEntitleDetail.aspx?status=ByVibhag&pointvalue=2&Schemeid=531
5,उद्यानिकी एवं खाद्य प्रसंस्करण विभाग,532,कृषक प्रशिक्षण सह भ्रमण,https://cmhelpline.mp.gov.in/KnowYourEntitleDetail.aspx?status=ByVibhag&pointvalue=2&Schemeid=532
5,उद्यानिकी एवं खाद्य प्रसंस्करण विभाग,544,राष्‍ट्रीय औषधीय पौध मिशन,https://cmhelpline.mp.gov.in/KnowYourEntitleDetail.aspx?status=ByVibhag&pointvalue=2&Schemeid=544
5,उद्यानिकी एवं खाद्य प्रसंस्करण विभाग,538,प्रधानमंत्री फसल बीमा योजना अंतर्गत मौसम आधारित  फसल बीमा योजना,https://cmhelpline.mp.gov.in/KnowYourEntitleDetail.aspx?status=ByVibhag&pointvalue=2&Schemeid=538
5,उद्यानिकी एवं खाद्य प्रसंस्करण विभाग,784,एकीकृत बागवानी विकास मिशन,https://cmhelpline.mp.gov.in/KnowYourEntitleDetail.aspx?status=ByVibhag&pointvalue=2&Schemeid=784
5,उद्यानिकी एवं खाद्य प्रसंस्करण विभाग,534,व्‍यावसयिक उद्यानिकी फसलों की संरक्षित खेती की प्रोत्‍साहन योजना,https://cmhelpline.mp.gov.in/KnowYourEntitleDetail.aspx?status=ByVibhag&pointvalue=2&Schemeid=534
5,उद्यानिकी एवं खाद्य प्रसंस्करण विभाग,944,प्रधानमंत्री सूक्ष्‍म खाद्य उद्यम उन्‍नयन योजना (पीएम-एफएमई),https://cmhelpline.mp.gov.in/KnowYourEntitleDetail.aspx?status=ByVibhag&pointvalue=2&Schemeid=944
6,ऊर्जा विभाग,597,अटल गृह ज्योति योजना,https://cmhelpline.mp.gov.in/KnowYourEntitleDetail.aspx?status=ByVibhag&pointvalue=2&Schemeid=597
6,ऊर्जा विभाग,598,अटल किसान ज्योति योजना,https://cmhelpline.mp.gov.in/KnowYourEntitleDetail.aspx?status=ByVibhag&pointvalue=2&Schemeid=598
6,ऊर्जा विभाग,596,अनुसूचित जाति/जनजाति के पंप धारक कृषि उपभोक्ताओ को नि:शुल्क विद्युत प्रदाय योजना,https://cmhelpline.mp.gov.in/KnowYourEntitleDetail.aspx?status=ByVibhag&pointvalue=2&Schemeid=596
6,ऊर्जा विभाग,966,मुख्यमंत्री कृषक मित्र योजना,https://cmhelpline.mp.gov.in/KnowYourEntitleDetail.aspx?status=ByVibhag&pointvalue=2&Schemeid=966
7,किसान कल्याण एवं कृषि विकास विभाग,92,प्रधानमंत्री कृषि सिंचाई योजनान्‍तर्गत बलराम ताल,https://cmhelpline.mp.gov.in/KnowYourEntitleDetail.aspx?status=ByVibhag&pointvalue=2&Schemeid=92
7,किसान कल्याण एवं कृषि विकास विभाग,98,प्रधानमंत्री कृषि सिंचाई योजना ''पर ड्राप मोर क्रोप'' अंतर्गत माइक्रोइरीगेशन एवं अदर इंटरवेंशन,https://cmhelpline.mp.gov.in/KnowYourEntitleDetail.aspx?status=ByVibhag&pointvalue=2&Schemeid=98
7,किसान कल्याण एवं कृषि विकास विभाग,661,13.1(A) रासायनिक उर्वरक विक्रय लायसेन्स जारी करना,https://cmhelpline.mp.gov.in/KnowYourEntitleDetail.aspx?status=ByVibhag&pointvalue=2&Schemeid=661
7,किसान कल्याण एवं कृषि विकास विभाग,662,13.1(B) रासायनिक कीटनाशक विक्रय लायसेन्स जारी करना,https://cmhelpline.mp.gov.in/KnowYourEntitleDetail.aspx?status=ByVibhag&pointvalue=2&Schemeid=662
7,किसान कल्याण एवं कृषि विकास विभाग,663,13.1(C) बीज विक्रय लायसेन्स जारी करना,https://cmhelpline.mp.gov.in/KnowYourEntitleDetail.aspx?status=ByVibhag&pointvalue=2&Schemeid=663
7,किसान कल्याण एवं कृषि विकास विभाग,664,13.2(A) रासायनिक उर्वरक विक्रय लायसेन्स का नवीनीकरण,https://cmhelpline.mp.gov.in/KnowYourEntitleDetail.aspx?status=ByVibhag&pointvalue=2&Schemeid=664
7,किसान कल्याण एवं कृषि विकास विभाग,665,13.2(C) बीज विक्रय लायसेन्स का नवीनीकरण,https://cmhelpline.mp.gov.in/KnowYourEntitleDetail.aspx?status=ByVibhag&pointvalue=2&Schemeid=665
7,किसान कल्याण एवं कृषि विकास विभाग,666,13.3 (A) उर्वरक मिश्रण विनिर्माण लायसेंस जारी करना,https://cmhelpline.mp.gov.in/KnowYourEntitleDetail.aspx?status=ByVibhag&pointvalue=2&Schemeid=666
7,किसान कल्याण एवं कृषि विकास विभाग,667,13.3 (B) रासायनिक कीटनाशक विनिर्माण लायसेंस जारी करना,https://cmhelpline.mp.gov.in/KnowYourEntitleDetail.aspx?status=ByVibhag&pointvalue=2&Schemeid=667
7,किसान कल्याण एवं कृषि विकास विभाग,668,13.4 (A) उर्वरक मिश्रण विनिर्माण लायसेंस का नवीनीकरण करना,https://cmhelpline.mp.gov.in/KnowYourEntitleDetail.aspx?status=ByVibhag&pointvalue=2&Schemeid=668
7,किसान कल्याण एवं कृषि विकास विभाग,828,परंपरागत कृषि विकास योजना (पी.के.व्‍ही.वाय.),https://cmhelpline.mp.gov.in/KnowYourEntitleDetail.aspx?status=ByVibhag&pointvalue=2&Schemeid=828
7,किसान कल्याण एवं कृषि विकास विभाग,829,मिटटी परीक्षण - स्‍वाइल हेल्थ कार्ड योजना,https://cmhelpline.mp.gov.in/KnowYourEntitleDetail.aspx?status=ByVibhag&pointvalue=2&Schemeid=829
7,किसान कल्याण एवं कृषि विकास विभाग,865,राष्‍ट्रीय खाद्य  सुरक्षा मिशन तिलहन एवं ऑयल पाम,https://cmhelpline.mp.gov.in/KnowYourEntitleDetail.aspx?status=ByVibhag&pointvalue=2&Schemeid=865
7,किसान कल्याण एवं कृषि विकास विभाग,834,खादय एवं पोषण सुरक्षा (धान/गेहूं/दलहन/मोटा अनाज/पोषक तत्‍व अनाज/टरफा/गन्‍ना/कपास),https://cmhelpline.mp.gov.in/KnowYourEntitleDetail.aspx?status=ByVibhag&pointvalue=2&Schemeid=834
7,किसान कल्याण एवं कृषि विकास विभाग,842,नेशनल मिशन फॉर सस्टेनेबल एग्रीकल्चर अंतर्गत रेनफेड एरिया डेवलपमेंट,https://cmhelpline.mp.gov.in/KnowYourEntitleDetail.aspx?status=ByVibhag&pointvalue=2&Schemeid=842
7,किसान कल्याण एवं कृषि विकास विभाग,843,सब मिशन ऑन एग्रीकल्‍चर एक्‍सटेंशन 'आत्‍मा',https://cmhelpline.mp.gov.in/KnowYourEntitleDetail.aspx?status=ByVibhag&pointvalue=2&Schemeid=843
7,किसान कल्याण एवं कृषि विकास विभाग,856,सब मिशन ऑन सीड एंड प्‍लांटिंग मटेरियल अंतर्गत बीजग्राम घटक,https://cmhelpline.mp.gov.in/KnowYourEntitleDetail.aspx?status=ByVibhag&pointvalue=2&Schemeid=856
7,किसान कल्याण एवं कृषि विकास विभाग,941,राज्‍यपोषित नलकूप खनन योजना,https://cmhelpline.mp.gov.in/KnowYourEntitleDetail.aspx?status=ByVibhag&pointvalue=2&Schemeid=941
7,किसान कल्याण एवं कृषि विकास विभाग,942,प्रधानमंत्री फसल बीमा योजना,https://cmhelpline.mp.gov.in/KnowYourEntitleDetail.aspx?status=ByVibhag&pointvalue=2&Schemeid=942
7,किसान कल्याण एवं कृषि विकास विभाग,943,मध्‍यप्रदेश फसल विविधीकरण हेतु प्रोत्‍साहन योजना।,https://cmhelpline.mp.gov.in/KnowYourEntitleDetail.aspx?status=ByVibhag&pointvalue=2&Schemeid=943
7,किसान कल्याण एवं कृषि विकास विभाग,946,मध्‍यप्रदेश प्राकृतिक कृषि विकास येाजना,https://cmhelpline.mp.gov.in/KnowYourEntitleDetail.aspx?status=ByVibhag&pointvalue=2&Schemeid=946
8,कुटीर एवं ग्रामोद्योग विभाग,730,"एकीकृत क्लस्टर विकास कार्यक्रम योजना,",https://cmhelpline.mp.gov.in/KnowYourEntitleDetail.aspx?status=ByVibhag&pointvalue=2&Schemeid=730
8,कुटीर एवं ग्रामोद्योग विभाग,887,"टसर रेशम विकास एवं विस्तार,",https://cmhelpline.mp.gov.in/KnowYourEntitleDetail.aspx?status=ByVibhag&pointvalue=2&Schemeid=887
8,कुटीर एवं ग्रामोद्योग विभाग,672,कौशल विकास योेजना,https://cmhelpline.mp.gov.in/KnowYourEntitleDetail.aspx?status=ByVibhag&pointvalue=2&Schemeid=672
8,कुटीर एवं ग्रामोद्योग विभाग,671,प्रदर्शनी प्रचार-प्रसार,https://cmhelpline.mp.gov.in/KnowYourEntitleDetail.aspx?status=ByVibhag&pointvalue=2&Schemeid=671
8,कुटीर एवं ग्रामोद्योग विभाग,669,राज्य स्तरीय कबीर बुनकर प्रोत्साहन पुरस्कार,https://cmhelpline.mp.gov.in/KnowYourEntitleDetail.aspx?status=ByVibhag&pointvalue=2&Schemeid=669
8,कुटीर एवं ग्रामोद्योग विभाग,886,रेशम उद्योग का विकास कार्य,https://cmhelpline.mp.gov.in/KnowYourEntitleDetail.aspx?status=ByVibhag&pointvalue=2&Schemeid=886
8,कुटीर एवं ग्रामोद्योग विभाग,956,विपणन सहायता योजना 2019,https://cmhelpline.mp.gov.in/KnowYourEntitleDetail.aspx?status=ByVibhag&pointvalue=2&Schemeid=956
8,कुटीर एवं ग्रामोद्योग विभाग,957,"एकीकृत क्लस्टर विकास योजना,",https://cmhelpline.mp.gov.in/KnowYourEntitleDetail.aspx?status=ByVibhag&pointvalue=2&Schemeid=957
8,कुटीर एवं ग्रामोद्योग विभाग,968,PM विश्वकर्मा योजना,https://cmhelpline.mp.gov.in/KnowYourEntitleDetail.aspx?status=ByVibhag&pointvalue=2&Schemeid=968
10,खाद्य नागरिक आपूर्ति एवं उपभोक्ता संरक्षण विभाग,111,उपार्जन हेतु  पंजीयन,https://cmhelpline.mp.gov.in/KnowYourEntitleDetail.aspx?status=ByVibhag&pointvalue=2&Schemeid=111
10,खाद्य नागरिक आपूर्ति एवं उपभोक्ता संरक्षण विभाग,112,किसानों से समर्थन मूल्य पर खाद्यान्न का उपार्जन,https://cmhelpline.mp.gov.in/KnowYourEntitleDetail.aspx?status=ByVibhag&pointvalue=2&Schemeid=112
10,खाद्य नागरिक आपूर्ति एवं उपभोक्ता संरक्षण विभाग,114,गेहुँ खरीदी के भुगतान से सम्बन्धित,https://cmhelpline.mp.gov.in/KnowYourEntitleDetail.aspx?status=ByVibhag&pointvalue=2&Schemeid=114
10,खाद्य नागरिक आपूर्ति एवं उपभोक्ता संरक्षण विभाग,118,लक्षित सार्वजनिक वितरण प्रणाली,https://cmhelpline.mp.gov.in/KnowYourEntitleDetail.aspx?status=ByVibhag&pointvalue=2&Schemeid=118
10,खाद्य नागरिक आपूर्ति एवं उपभोक्ता संरक्षण विभाग,109,राशन की पात्रता पर्ची जारी करना |,https://cmhelpline.mp.gov.in/KnowYourEntitleDetail.aspx?status=ByVibhag&pointvalue=2&Schemeid=109
10,खाद्य नागरिक आपूर्ति एवं उपभोक्ता संरक्षण विभाग,965,प्रधानमंत्री उज्‍जवला योजना तथा लाडली बहना योजना के हितग्राहियों को  450 रूपयै में  गैस सिलेण्‍डर रिफिल करना,https://cmhelpline.mp.gov.in/KnowYourEntitleDetail.aspx?status=ByVibhag&pointvalue=2&Schemeid=965
12,गृह विभाग,344,युद्ध/सैनिक कार्यवाही/आतंवादी/ नक्‍सलवादी तथा आंतरिक सुरक्षा कार्रवाई के दौरान शहीद अथवा दिव्‍यांग होने वाले सेना के अधिकारियों तथा सैनिकों की पुत्रियों/बहनों के विवाह हेतु रू 10000/- उपहार की राशि।,https://cmhelpline.mp.gov.in/KnowYourEntitleDetail.aspx?status=ByVibhag&pointvalue=2&Schemeid=344
12,गृह विभाग,347,युद्ध/सैनिक कार्यवाही/आतंवादी/ नक्‍सलवादी तथा आंतरिक सुरक्षा कार्रवाई के दौरान शहीद अथवा दिव्‍यांग होने वाले सेना व केन्‍द्रीय अर्धसैनिक बलों के अधिकारियों तथा सैनिकों के आश्रित/दिव्‍यांग कर्मियों को मुख्यमंत्री कारगिल सहायता कोष से वित्‍तीय सहायता ।,https://cmhelpline.mp.gov.in/KnowYourEntitleDetail.aspx?status=ByVibhag&pointvalue=2&Schemeid=347
12,गृह विभाग,551,द्वितीय विश्‍व युद्ध के नान पेंशनर वेटेरन्‍स एवं उनकी धर्मपत्‍नियों को आर्थिक सहायता,https://cmhelpline.mp.gov.in/KnowYourEntitleDetail.aspx?status=ByVibhag&pointvalue=2&Schemeid=551
12,गृह विभाग,552,मध्‍य प्रदेश के स्‍थाई निवासी ऐसे माता -पिता जो अपनी पुत्री को रक्षा सेवाओं  में भर्ती कराते हैं उन्‍हे प्रोत्‍साहन के रूप में सम्‍मान राशि,https://cmhelpline.mp.gov.in/KnowYourEntitleDetail.aspx?status=ByVibhag&pointvalue=2&Schemeid=552
12,गृह विभाग,553,सेना के शहीद सैनिक के माता/पिता को भरण पोषण हेतु मासिक पेंशन,https://cmhelpline.mp.gov.in/KnowYourEntitleDetail.aspx?status=ByVibhag&pointvalue=2&Schemeid=553
12,गृह विभाग,554,"युद्ध दिव्‍यांग सैनिक /शहीद सैनिक के आश्रित को मुख्‍यमंत्री करगिल सहायता कोष से आर्थिक सहायता एवंं शहीद सैनिक के परिवार के एक सदस्‍य को शासकीय सेवा मे याेेेग्‍यतानुसार द्वितीय,तृतीय एवं चतुर्थ  वर्ग में विशेष नियुक्ति ।",https://cmhelpline.mp.gov.in/KnowYourEntitleDetail.aspx?status=ByVibhag&pointvalue=2&Schemeid=554
12,गृह विभाग,563,"म.प्र. अपराध पीडि़त प्रतिकर योजना, 2015",https://cmhelpline.mp.gov.in/KnowYourEntitleDetail.aspx?status=ByVibhag&pointvalue=2&Schemeid=563
12,गृह विभाग,565,पुलिस इंटर्नशिप योजना,https://cmhelpline.mp.gov.in/KnowYourEntitleDetail.aspx?status=ByVibhag&pointvalue=2&Schemeid=565
12,गृह विभाग,952,मेडल प्राप्त कर्ताओं को म0प्र0 शासन द्वारा वित्तीय सहायता,https://cmhelpline.mp.gov.in/KnowYourEntitleDetail.aspx?status=ByVibhag&pointvalue=2&Schemeid=952
12,गृह विभाग,985,'' राह-वीर'' योजना,https://cmhelpline.mp.gov.in/KnowYourEntitleDetail.aspx?status=ByVibhag&pointvalue=2&Schemeid=985
19,"तकनिकी शिक्षा,कौशल विकास एवं रोजगार विभाग",132,औद्योगिक प्रशिक्षण संस्थाओं में मैरिट छात्रवृत्ति,https://cmhelpline.mp.gov.in/KnowYourEntitleDetail.aspx?status=ByVibhag&pointvalue=2&Schemeid=132
19,"तकनिकी शिक्षा,कौशल विकास एवं रोजगार विभाग",878,मुख्यमंत्री मेधावी विद्यार्थी योजना,https://cmhelpline.mp.gov.in/KnowYourEntitleDetail.aspx?status=ByVibhag&pointvalue=2&Schemeid=878
19,"तकनिकी शिक्षा,कौशल विकास एवं रोजगार विभाग",879,मुख्यमंत्री जनकल्याण (शिक्षा प्रोत्सााहन) योजना,https://cmhelpline.mp.gov.in/KnowYourEntitleDetail.aspx?status=ByVibhag&pointvalue=2&Schemeid=879
19,"तकनिकी शिक्षा,कौशल विकास एवं रोजगार विभाग",975,मुख्यमंत्री सीखो कमाओ योजना (MMSKY),https://cmhelpline.mp.gov.in/KnowYourEntitleDetail.aspx?status=ByVibhag&pointvalue=2&Schemeid=975
21,नगरीय विकास एंव आवास विभाग,601,पी एम् स्ट्रीट वेंडर्स आत्मनिर्भर निधि (पी एम् स्वनिधि) के क्रियान्वयन के सम्बन्ध में.,https://cmhelpline.mp.gov.in/KnowYourEntitleDetail.aspx?status=ByVibhag&pointvalue=2&Schemeid=601
21,नगरीय विकास एंव आवास विभाग,679,प्रधानमंत्री आवास योजना (शहरी),https://cmhelpline.mp.gov.in/KnowYourEntitleDetail.aspx?status=ByVibhag&pointvalue=2&Schemeid=679
21,नगरीय विकास एंव आवास विभाग,885,"डे- राष्‍ट्रीय शहरी आजीविका मिशन, स्‍वसहायता समूह गठन",https://cmhelpline.mp.gov.in/KnowYourEntitleDetail.aspx?status=ByVibhag&pointvalue=2&Schemeid=885
23,नवीन एवं नवकरणीय ऊर्जा विभाग,925,रूफटाप सौर फोटोवोल्टांईक पावर प्लांट,https://cmhelpline.mp.gov.in/KnowYourEntitleDetail.aspx?status=ByVibhag&pointvalue=2&Schemeid=925
23,नवीन एवं नवकरणीय ऊर्जा विभाग,926,ऊर्जा साक्षरता अभियान (UShA),https://cmhelpline.mp.gov.in/KnowYourEntitleDetail.aspx?status=ByVibhag&pointvalue=2&Schemeid=926
23,नवीन एवं नवकरणीय ऊर्जा विभाग,927,मुख्‍यमंत्री सोलर पंप योजना - कुसुम  बी,https://cmhelpline.mp.gov.in/KnowYourEntitleDetail.aspx?status=ByVibhag&pointvalue=2&Schemeid=927
23,नवीन एवं नवकरणीय ऊर्जा विभाग,929,ग्रिड संयोजित परियोजना - पवन ऊर्जा,https://cmhelpline.mp.gov.in/KnowYourEntitleDetail.aspx?status=ByVibhag&pointvalue=2&Schemeid=929
23,नवीन एवं नवकरणीय ऊर्जा विभाग,930,ग्रिड संयोजित परियोजना – लघु जल विद्युत ऊर्जा,https://cmhelpline.mp.gov.in/KnowYourEntitleDetail.aspx?status=ByVibhag&pointvalue=2&Schemeid=930
23,नवीन एवं नवकरणीय ऊर्जा विभाग,931,ग्रिड संयोजित परियोजना- सौर ऊर्जा,https://cmhelpline.mp.gov.in/KnowYourEntitleDetail.aspx?status=ByVibhag&pointvalue=2&Schemeid=931
23,नवीन एवं नवकरणीय ऊर्जा विभाग,932,ग्रिड संयोजित परियोजना- बायोमास,https://cmhelpline.mp.gov.in/KnowYourEntitleDetail.aspx?status=ByVibhag&pointvalue=2&Schemeid=932
23,नवीन एवं नवकरणीय ऊर्जा विभाग,933,प्रधान मंत्री किसान ऊर्जा सुरक्षा उत्थान महाभियान (पी एम कुसुम) घटक ‘अ’,https://cmhelpline.mp.gov.in/KnowYourEntitleDetail.aspx?status=ByVibhag&pointvalue=2&Schemeid=933
23,नवीन एवं नवकरणीय ऊर्जा विभाग,934,पीएम किसान ऊर्जा सुरक्षा एवं उत्थाकन महाभियान योजना- पीएम कुसुम-सी,https://cmhelpline.mp.gov.in/KnowYourEntitleDetail.aspx?status=ByVibhag&pointvalue=2&Schemeid=934
23,नवीन एवं नवकरणीय ऊर्जा विभाग,935,सौर गर्म जल संयंत्र कार्यक्रम,https://cmhelpline.mp.gov.in/KnowYourEntitleDetail.aspx?status=ByVibhag&pointvalue=2&Schemeid=935
24,पंचायत एवं ग्रामीण विकास विभाग,173,स्वच्छ भारत मिशन,https://cmhelpline.mp.gov.in/KnowYourEntitleDetail.aspx?status=ByVibhag&pointvalue=2&Schemeid=173
24,पंचायत एवं ग्रामीण विकास विभाग,166,गरीबी रेखा के नीचे के परिवारो की सूची में नाम जोड़्ना (ग्रामीण क्षेत्र),https://cmhelpline.mp.gov.in/KnowYourEntitleDetail.aspx?status=ByVibhag&pointvalue=2&Schemeid=166
24,पंचायत एवं ग्रामीण विकास विभाग,167,अनाज भण्डारण हेतु गोदाम निर्माण,https://cmhelpline.mp.gov.in/KnowYourEntitleDetail.aspx?status=ByVibhag&pointvalue=2&Schemeid=167
24,पंचायत एवं ग्रामीण विकास विभाग,171,खेल मैदान/ ग्रामीण क्रीडांगन,https://cmhelpline.mp.gov.in/KnowYourEntitleDetail.aspx?status=ByVibhag&pointvalue=2&Schemeid=171
24,पंचायत एवं ग्रामीण विकास विभाग,176,प्रधानमंत्री पोषण शक्ति निर्माण,https://cmhelpline.mp.gov.in/KnowYourEntitleDetail.aspx?status=ByVibhag&pointvalue=2&Schemeid=176
24,पंचायत एवं ग्रामीण विकास विभाग,177,मुख्यमंत्री ग्राम सडक योजना,https://cmhelpline.mp.gov.in/KnowYourEntitleDetail.aspx?status=ByVibhag&pointvalue=2&Schemeid=177
24,पंचायत एवं ग्रामीण विकास विभाग,179,राष्ट्रीय ग्रामीण रोजगार गारंटी स्कीम,https://cmhelpline.mp.gov.in/KnowYourEntitleDetail.aspx?status=ByVibhag&pointvalue=2&Schemeid=179
24,पंचायत एवं ग्रामीण विकास विभाग,181,शान्तिधाम,https://cmhelpline.mp.gov.in/KnowYourEntitleDetail.aspx?status=ByVibhag&pointvalue=2&Schemeid=181
24,पंचायत एवं ग्रामीण विकास विभाग,183,सुदूर ग्राम सम्पर्क एवं खेत सड़क उपयोजना,https://cmhelpline.mp.gov.in/KnowYourEntitleDetail.aspx?status=ByVibhag&pointvalue=2&Schemeid=183
24,पंचायत एवं ग्रामीण विकास विभाग,867,नल जल योजना,https://cmhelpline.mp.gov.in/KnowYourEntitleDetail.aspx?status=ByVibhag&pointvalue=2&Schemeid=867
24,पंचायत एवं ग्रामीण विकास विभाग,228,कपिलधारा,https://cmhelpline.mp.gov.in/KnowYourEntitleDetail.aspx?status=ByVibhag&pointvalue=2&Schemeid=228
24,पंचायत एवं ग्रामीण विकास विभाग,231,नदी नालों पर श्रृंखलाबद्ध जल संरचनाओं का निर्माण।,https://cmhelpline.mp.gov.in/KnowYourEntitleDetail.aspx?status=ByVibhag&pointvalue=2&Schemeid=231
24,पंचायत एवं ग्रामीण विकास विभाग,232,नन्दन फलोद्यान,https://cmhelpline.mp.gov.in/KnowYourEntitleDetail.aspx?status=ByVibhag&pointvalue=2&Schemeid=232
24,पंचायत एवं ग्रामीण विकास विभाग,233,निर्मल नीर,https://cmhelpline.mp.gov.in/KnowYourEntitleDetail.aspx?status=ByVibhag&pointvalue=2&Schemeid=233
24,पंचायत एवं ग्रामीण विकास विभाग,234,निर्मल वाटिका,https://cmhelpline.mp.gov.in/KnowYourEntitleDetail.aspx?status=ByVibhag&pointvalue=2&Schemeid=234
24,पंचायत एवं ग्रामीण विकास विभाग,235,भूमि शिल्प योजना,https://cmhelpline.mp.gov.in/KnowYourEntitleDetail.aspx?status=ByVibhag&pointvalue=2&Schemeid=235
24,पंचायत एवं ग्रामीण विकास विभाग,237,मीनाक्षी,https://cmhelpline.mp.gov.in/KnowYourEntitleDetail.aspx?status=ByVibhag&pointvalue=2&Schemeid=237
24,पंचायत एवं ग्रामीण विकास विभाग,239,रेशम उद्योग,https://cmhelpline.mp.gov.in/KnowYourEntitleDetail.aspx?status=ByVibhag&pointvalue=2&Schemeid=239
24,पंचायत एवं ग्रामीण विकास विभाग,241,वनवासी संवर्धन उपयोजना,https://cmhelpline.mp.gov.in/KnowYourEntitleDetail.aspx?status=ByVibhag&pointvalue=2&Schemeid=241
24,पंचायत एवं ग्रामीण विकास विभाग,242,वन्या,https://cmhelpline.mp.gov.in/KnowYourEntitleDetail.aspx?status=ByVibhag&pointvalue=2&Schemeid=242
24,पंचायत एवं ग्रामीण विकास विभाग,243,शैलपर्ण,https://cmhelpline.mp.gov.in/KnowYourEntitleDetail.aspx?status=ByVibhag&pointvalue=2&Schemeid=243
24,पंचायत एवं ग्रामीण विकास विभाग,244,सहस्त्रधारा,https://cmhelpline.mp.gov.in/KnowYourEntitleDetail.aspx?status=ByVibhag&pointvalue=2&Schemeid=244
24,पंचायत एवं ग्रामीण विकास विभाग,556,प्रधानमंत्री आवास योजना-ग्रामीण,https://cmhelpline.mp.gov.in/KnowYourEntitleDetail.aspx?status=ByVibhag&pointvalue=2&Schemeid=556
24,पंचायत एवं ग्रामीण विकास विभाग,566,निर्वाचित ग्रा. पंचायत सरपंच / पंच के पुरस्कापर की योजना,https://cmhelpline.mp.gov.in/KnowYourEntitleDetail.aspx?status=ByVibhag&pointvalue=2&Schemeid=566
24,पंचायत एवं ग्रामीण विकास विभाग,567,पंचायतों का सशक्तिकरण एवं जवाबदेही प्रोत्साहन पुरस्कार येाजना,https://cmhelpline.mp.gov.in/KnowYourEntitleDetail.aspx?status=ByVibhag&pointvalue=2&Schemeid=567
24,पंचायत एवं ग्रामीण विकास विभाग,568,सांसद आदर्श ग्राम योजना,https://cmhelpline.mp.gov.in/KnowYourEntitleDetail.aspx?status=ByVibhag&pointvalue=2&Schemeid=568
24,पंचायत एवं ग्रामीण विकास विभाग,569,मुख्य मंत्री ग्रामीण हाट बाजार योजना,https://cmhelpline.mp.gov.in/KnowYourEntitleDetail.aspx?status=ByVibhag&pointvalue=2&Schemeid=569
24,पंचायत एवं ग्रामीण विकास विभाग,868,भवन अनुज्ञा,https://cmhelpline.mp.gov.in/KnowYourEntitleDetail.aspx?status=ByVibhag&pointvalue=2&Schemeid=868
24,पंचायत एवं ग्रामीण विकास विभाग,740,महात्‍मा गांधी नरेगा-नदी नालों पर श्रृंखलाबद्ध जल संरचनाओं का निर्माण (सामुदायिक विकास गतिविधि),https://cmhelpline.mp.gov.in/KnowYourEntitleDetail.aspx?status=ByVibhag&pointvalue=2&Schemeid=740
24,पंचायत एवं ग्रामीण विकास विभाग,741,महात्‍मा गांधी नरेगा-लघु सिंचाई तालाब एवं माईनर नहरों का रखरखाव ।,https://cmhelpline.mp.gov.in/KnowYourEntitleDetail.aspx?status=ByVibhag&pointvalue=2&Schemeid=741
24,पंचायत एवं ग्रामीण विकास विभाग,743,महात्‍मा गांधी नरेगा- मुख्‍यमंत्री ग्रामीण सड़क योजना,https://cmhelpline.mp.gov.in/KnowYourEntitleDetail.aspx?status=ByVibhag&pointvalue=2&Schemeid=743
24,पंचायत एवं ग्रामीण विकास विभाग,744,महात्‍मा गांधी नरेगा-हरियाली चुनरी  (सामुदायिक विकास योजना),https://cmhelpline.mp.gov.in/KnowYourEntitleDetail.aspx?status=ByVibhag&pointvalue=2&Schemeid=744
24,पंचायत एवं ग्रामीण विकास विभाग,746,महात्‍मा गांधी नरेगा- कामधेनू,https://cmhelpline.mp.gov.in/KnowYourEntitleDetail.aspx?status=ByVibhag&pointvalue=2&Schemeid=746
24,पंचायत एवं ग्रामीण विकास विभाग,750,मंदिर सरोवर उपयोजना,https://cmhelpline.mp.gov.in/KnowYourEntitleDetail.aspx?status=ByVibhag&pointvalue=2&Schemeid=750
24,पंचायत एवं ग्रामीण विकास विभाग,751,मंदिर कुंज उपयोजना,https://cmhelpline.mp.gov.in/KnowYourEntitleDetail.aspx?status=ByVibhag&pointvalue=2&Schemeid=751
24,पंचायत एवं ग्रामीण विकास विभाग,754,रेल्‍वे भूमि पर मनरेगा से विकास कार्य ।,https://cmhelpline.mp.gov.in/KnowYourEntitleDetail.aspx?status=ByVibhag&pointvalue=2&Schemeid=754
24,पंचायत एवं ग्रामीण विकास विभाग,755,गौशाला परियोजना पुनरीक्षण – मंदिर गौशाला दुग्‍ध उत्‍पादन हेतु ।,https://cmhelpline.mp.gov.in/KnowYourEntitleDetail.aspx?status=ByVibhag&pointvalue=2&Schemeid=755
24,पंचायत एवं ग्रामीण विकास विभाग,756,वाल्‍मीकी मियावाकी पद्धति से सघन सामुदायिक वृक्षारोपण भूमिहीन परिवारों को ।,https://cmhelpline.mp.gov.in/KnowYourEntitleDetail.aspx?status=ByVibhag&pointvalue=2&Schemeid=756
24,पंचायत एवं ग्रामीण विकास विभाग,757,जैविक बागड़ से बाउण्‍ड्री निर्माण।,https://cmhelpline.mp.gov.in/KnowYourEntitleDetail.aspx?status=ByVibhag&pointvalue=2&Schemeid=757
24,पंचायत एवं ग्रामीण विकास विभाग,759,सामुदायिक पोषण (जैविक) उद्यान,https://cmhelpline.mp.gov.in/KnowYourEntitleDetail.aspx?status=ByVibhag&pointvalue=2&Schemeid=759
24,पंचायत एवं ग्रामीण विकास विभाग,762,SHG संघ भवन निर्माण,https://cmhelpline.mp.gov.in/KnowYourEntitleDetail.aspx?status=ByVibhag&pointvalue=2&Schemeid=762
24,पंचायत एवं ग्रामीण विकास विभाग,763,खाद्यान भण्‍डार चबूतरा,https://cmhelpline.mp.gov.in/KnowYourEntitleDetail.aspx?status=ByVibhag&pointvalue=2&Schemeid=763
24,पंचायत एवं ग्रामीण विकास विभाग,766,जय किसान उपयोजना से निजी कृषकों की बंजर एवं पड़त भूमि को कृषि योग्‍य बनाना,https://cmhelpline.mp.gov.in/KnowYourEntitleDetail.aspx?status=ByVibhag&pointvalue=2&Schemeid=766
24,पंचायत एवं ग्रामीण विकास विभाग,564,प्रधानमंत्री ग्राम सड़क योजना-I,https://cmhelpline.mp.gov.in/KnowYourEntitleDetail.aspx?status=ByVibhag&pointvalue=2&Schemeid=564
24,पंचायत एवं ग्रामीण विकास विभाग,801,प्रधानमंत्री ग्राम सड़क योजना-II,https://cmhelpline.mp.gov.in/KnowYourEntitleDetail.aspx?status=ByVibhag&pointvalue=2&Schemeid=801
24,पंचायत एवं ग्रामीण विकास विभाग,802,प्रधानमंत्री ग्राम सड़क योजना-III,https://cmhelpline.mp.gov.in/KnowYourEntitleDetail.aspx?status=ByVibhag&pointvalue=2&Schemeid=802
24,पंचायत एवं ग्रामीण विकास विभाग,803,एम.पी.आर.सी.पी.,https://cmhelpline.mp.gov.in/KnowYourEntitleDetail.aspx?status=ByVibhag&pointvalue=2&Schemeid=803
24,पंचायत एवं ग्रामीण विकास विभाग,804,राज्‍य संपर्कता,https://cmhelpline.mp.gov.in/KnowYourEntitleDetail.aspx?status=ByVibhag&pointvalue=2&Schemeid=804
24,पंचायत एवं ग्रामीण विकास विभाग,805,राज्‍य संपर्कता किसान निधी जोड़,https://cmhelpline.mp.gov.in/KnowYourEntitleDetail.aspx?status=ByVibhag&pointvalue=2&Schemeid=805
24,पंचायत एवं ग्रामीण विकास विभाग,806,प्रधानमंत्री ग्राम सडक योजना संधारण,https://cmhelpline.mp.gov.in/KnowYourEntitleDetail.aspx?status=ByVibhag&pointvalue=2&Schemeid=806
24,पंचायत एवं ग्रामीण विकास विभाग,830,दीनदयाल उपाध्‍याय ग्रामीण कौशल योजना,https://cmhelpline.mp.gov.in/KnowYourEntitleDetail.aspx?status=ByVibhag&pointvalue=2&Schemeid=830
24,पंचायत एवं ग्रामीण विकास विभाग,602,मुख्‍यमंत्री ग्रामीण पथ विक्रेता ऋण योजना,https://cmhelpline.mp.gov.in/KnowYourEntitleDetail.aspx?status=ByVibhag&pointvalue=2&Schemeid=602
24,पंचायत एवं ग्रामीण विकास विभाग,831,स्‍वरोजगार प्रशिक्षण संस्‍थान (आरसेटी),https://cmhelpline.mp.gov.in/KnowYourEntitleDetail.aspx?status=ByVibhag&pointvalue=2&Schemeid=831
24,पंचायत एवं ग्रामीण विकास विभाग,833,दीनदयाल अन्त्योदय योजना-राज्‍य ग्रामीण आजीविका मिशन & DAY-NRLM,https://cmhelpline.mp.gov.in/KnowYourEntitleDetail.aspx?status=ByVibhag&pointvalue=2&Schemeid=833
24,पंचायत एवं ग्रामीण विकास विभाग,974,प्रधानमंत्री जनजाति आदिवासी न्‍याय महा अभियान(आवास योजना-ग्रामीण),https://cmhelpline.mp.gov.in/KnowYourEntitleDetail.aspx?status=ByVibhag&pointvalue=2&Schemeid=974
26,पर्यटन विभाग,188,कान्हा राष्ट्रीय उद्यान,https://cmhelpline.mp.gov.in/KnowYourEntitleDetail.aspx?status=ByVibhag&pointvalue=2&Schemeid=188
26,पर्यटन विभाग,191,भीमबैठका  के बारे में  जानकारी  दीजिये ?,https://cmhelpline.mp.gov.in/KnowYourEntitleDetail.aspx?status=ByVibhag&pointvalue=2&Schemeid=191
26,पर्यटन विभाग,947,"होमस्‍टे की योजनाएं : 
i.	मध्‍यप्रदेश होमस्‍टे स्‍थापना (पंजीयन तथा नियमन) योजना 2010 (संशोधित 2018) 
ii.	मध्‍यप्रदेश बेड एंड ब्रेकफास्‍ट स्‍थापना (पंजीयन तथा नियमन) योजना 2019 
iii.	मध्‍यप्रदेश फार्मस्‍टे स्‍थापना (पंजीयन तथा नियमन) योजना 2019 
iv.	मध्‍यप्रदेश ग्रामस्‍टे स्‍थापना (पंजीयन तथा नियमन) योजना 2019",https://cmhelpline.mp.gov.in/KnowYourEntitleDetail.aspx?status=ByVibhag&pointvalue=2&Schemeid=947
26,पर्यटन विभाग,948,असिस्‍टेंस फॉर टूरिज्‍म मार्केटिंग,https://cmhelpline.mp.gov.in/KnowYourEntitleDetail.aspx?status=ByVibhag&pointvalue=2&Schemeid=948
26,पर्यटन विभाग,949,अल्‍पकालीन (दो एवं तीन माह अवधि को भारत सरकार की डिजाईन डेवलपमेंट कार्यशाला) (DDW),https://cmhelpline.mp.gov.in/KnowYourEntitleDetail.aspx?status=ByVibhag&pointvalue=2&Schemeid=949
26,पर्यटन विभाग,959,"फिल्‍म अनुदान, मध्‍यप्रदेश फिल्‍म पर्यटन नीति 2020",https://cmhelpline.mp.gov.in/KnowYourEntitleDetail.aspx?status=ByVibhag&pointvalue=2&Schemeid=959
26,पर्यटन विभाग,960,अधिसूचित जलक्षेत्रों में जल पर्यटन गतिविधियों हेतु लायसेंस,https://cmhelpline.mp.gov.in/KnowYourEntitleDetail.aspx?status=ByVibhag&pointvalue=2&Schemeid=960
26,पर्यटन विभाग,961,पर्यटन संवर्धन अभिसरण परियोजना (Tourism Promotion Convergence Project) -TPCP,https://cmhelpline.mp.gov.in/KnowYourEntitleDetail.aspx?status=ByVibhag&pointvalue=2&Schemeid=961
27,पशुपालन एवं डेयरी विभाग,195,अनुदान के आधार पर नर बकरा प्रदाय योजना,https://cmhelpline.mp.gov.in/KnowYourEntitleDetail.aspx?status=ByVibhag&pointvalue=2&Schemeid=195
27,पशुपालन एवं डेयरी विभाग,198,कड़कनाथ कुक्कुट इकाई का विवरण|,https://cmhelpline.mp.gov.in/KnowYourEntitleDetail.aspx?status=ByVibhag&pointvalue=2&Schemeid=198
27,पशुपालन एवं डेयरी विभाग,194,अनुदान के आधार पर वराह त्रयी (सूकर त्रयी का प्रदाय),https://cmhelpline.mp.gov.in/KnowYourEntitleDetail.aspx?status=ByVibhag&pointvalue=2&Schemeid=194
27,पशुपालन एवं डेयरी विभाग,199,कृत्रिम गर्भाधान,https://cmhelpline.mp.gov.in/KnowYourEntitleDetail.aspx?status=ByVibhag&pointvalue=2&Schemeid=199
27,पशुपालन एवं डेयरी विभाग,215,स्वरोजगार हेतु कृत्रिम गर्भाधान का प्रशिक्षण,https://cmhelpline.mp.gov.in/KnowYourEntitleDetail.aspx?status=ByVibhag&pointvalue=2&Schemeid=215
27,पशुपालन एवं डेयरी विभाग,200,गोपाल प्रोत्साहन योजना |,https://cmhelpline.mp.gov.in/KnowYourEntitleDetail.aspx?status=ByVibhag&pointvalue=2&Schemeid=200
27,पशुपालन एवं डेयरी विभाग,201,गौसेवक प्रशिक्षण पशु  प्रारंभिक प्रशिक्षण,https://cmhelpline.mp.gov.in/KnowYourEntitleDetail.aspx?status=ByVibhag&pointvalue=2&Schemeid=201
27,पशुपालन एवं डेयरी विभाग,210,वत्स पालन प्रोत्साहन योजना,https://cmhelpline.mp.gov.in/KnowYourEntitleDetail.aspx?status=ByVibhag&pointvalue=2&Schemeid=210
27,पशुपालन एवं डेयरी विभाग,212,वैंक ऋण एवं अनुदान पर (10+1) बकरी इकाई का प्रदाय |,https://cmhelpline.mp.gov.in/KnowYourEntitleDetail.aspx?status=ByVibhag&pointvalue=2&Schemeid=212
27,पशुपालन एवं डेयरी विभाग,636,अनुदान के आधार पर नर सूकर प्रदाय |,https://cmhelpline.mp.gov.in/KnowYourEntitleDetail.aspx?status=ByVibhag&pointvalue=2&Schemeid=636
27,पशुपालन एवं डेयरी विभाग,637,अनुदान के आधार पर सुकर 3 प्रदाय,https://cmhelpline.mp.gov.in/KnowYourEntitleDetail.aspx?status=ByVibhag&pointvalue=2&Schemeid=637
27,पशुपालन एवं डेयरी विभाग,648,अनुदान के आधार पर वराह त्रयी (सूकर त्रयी) का प्रदाय),https://cmhelpline.mp.gov.in/KnowYourEntitleDetail.aspx?status=ByVibhag&pointvalue=2&Schemeid=648
27,पशुपालन एवं डेयरी विभाग,196,आचार्य विद्यासागर गौ संवर्धन योजना,https://cmhelpline.mp.gov.in/KnowYourEntitleDetail.aspx?status=ByVibhag&pointvalue=2&Schemeid=196
27,पशुपालन एवं डेयरी विभाग,204,नन्दी शाला योजना,https://cmhelpline.mp.gov.in/KnowYourEntitleDetail.aspx?status=ByVibhag&pointvalue=2&Schemeid=204
27,पशुपालन एवं डेयरी विभाग,654,बैंक ऋण एवं अनुदान पर (10+1) बकरी इकाई का प्रदाय,https://cmhelpline.mp.gov.in/KnowYourEntitleDetail.aspx?status=ByVibhag&pointvalue=2&Schemeid=654
27,पशुपालन एवं डेयरी विभाग,214,समुन्नत पशु प्रजनन योजना,https://cmhelpline.mp.gov.in/KnowYourEntitleDetail.aspx?status=ByVibhag&pointvalue=2&Schemeid=214
27,पशुपालन एवं डेयरी विभाग,914,किसान क्रेडिट कार्ड (पशुपालन),https://cmhelpline.mp.gov.in/KnowYourEntitleDetail.aspx?status=ByVibhag&pointvalue=2&Schemeid=914
27,पशुपालन एवं डेयरी विभाग,951,राष्‍ट्रीय पशुधन मिशन - उद्यमिता विकास कार्यक्रम,https://cmhelpline.mp.gov.in/KnowYourEntitleDetail.aspx?status=ByVibhag&pointvalue=2&Schemeid=951
27,पशुपालन एवं डेयरी विभाग,979,अनुदान पर कुक्कुट इकाई का प्रदाय,https://cmhelpline.mp.gov.in/KnowYourEntitleDetail.aspx?status=ByVibhag&pointvalue=2&Schemeid=979
27,पशुपालन एवं डेयरी विभाग,980,मुख्‍यमंत्री डेयरी प्‍लस कार्यक्रम (अनुदान पर 02 मुर्रा भैंस प्रदाय),https://cmhelpline.mp.gov.in/KnowYourEntitleDetail.aspx?status=ByVibhag&pointvalue=2&Schemeid=980
27,पशुपालन एवं डेयरी विभाग,981,"मुख्‍यमंत्री दुधारू पशु प्रदाय कार्यक्रम (विशेष पिछडी जनजाति बैगा, भारिया एवं सहरिया)",https://cmhelpline.mp.gov.in/KnowYourEntitleDetail.aspx?status=ByVibhag&pointvalue=2&Schemeid=981
28,पिछड़ा वर्ग व अल्पसंख्यक कल्याण विभाग,216,अल्पसंख्यक  मेरिट कम मींस छात्रवृत्ति योजना,https://cmhelpline.mp.gov.in/KnowYourEntitleDetail.aspx?status=ByVibhag&pointvalue=2&Schemeid=216
28,पिछड़ा वर्ग व अल्पसंख्यक कल्याण विभाग,217,पोस्ट मैट्रिक छात्रवृत्ति (अल्पसंख्यक),https://cmhelpline.mp.gov.in/KnowYourEntitleDetail.aspx?status=ByVibhag&pointvalue=2&Schemeid=217
28,पिछड़ा वर्ग व अल्पसंख्यक कल्याण विभाग,591,पिछड़ा वर्ग  विदेश अध्ययन छात्रवृत्ति योजना,https://cmhelpline.mp.gov.in/KnowYourEntitleDetail.aspx?status=ByVibhag&pointvalue=2&Schemeid=591
28,पिछड़ा वर्ग व अल्पसंख्यक कल्याण विभाग,593,सिविल सेवा परीक्षा प्रोत्साहन,https://cmhelpline.mp.gov.in/KnowYourEntitleDetail.aspx?status=ByVibhag&pointvalue=2&Schemeid=593
28,पिछड़ा वर्ग व अल्पसंख्यक कल्याण विभाग,594,व्यापम की परीक्षा में सर्वाधिक अंक प्राप्त करने पर पुरस्कार,https://cmhelpline.mp.gov.in/KnowYourEntitleDetail.aspx?status=ByVibhag&pointvalue=2&Schemeid=594
28,पिछड़ा वर्ग व अल्पसंख्यक कल्याण विभाग,595,दिल्ली छात्रगृह योजना 2006-07,https://cmhelpline.mp.gov.in/KnowYourEntitleDetail.aspx?status=ByVibhag&pointvalue=2&Schemeid=595
28,पिछड़ा वर्ग व अल्पसंख्यक कल्याण विभाग,590,पिछड़ा वर्ग विद्यार्थी मेधावी पुरस्कार योजना,https://cmhelpline.mp.gov.in/KnowYourEntitleDetail.aspx?status=ByVibhag&pointvalue=2&Schemeid=590
28,पिछड़ा वर्ग व अल्पसंख्यक कल्याण विभाग,869,संघ एवं राज्य लोक सेवा आयोग से परीक्षा (प्रोत्साहन योजना),https://cmhelpline.mp.gov.in/KnowYourEntitleDetail.aspx?status=ByVibhag&pointvalue=2&Schemeid=869
28,पिछड़ा वर्ग व अल्पसंख्यक कल्याण विभाग,870,म.प्र. व्यावसायिक प्रतिभा परीक्षा पुरूस्कार योजना,https://cmhelpline.mp.gov.in/KnowYourEntitleDetail.aspx?status=ByVibhag&pointvalue=2&Schemeid=870
28,पिछड़ा वर्ग व अल्पसंख्यक कल्याण विभाग,871,पिछड़े वर्ग एवं अल्पसंख्यक वर्ग के शिक्षित बेरोजगार युवक-युवतियों को निशुल्क रोजगारोन्मुखी प्रशिक्षण,https://cmhelpline.mp.gov.in/KnowYourEntitleDetail.aspx?status=ByVibhag&pointvalue=2&Schemeid=871
28,पिछड़ा वर्ग व अल्पसंख्यक कल्याण विभाग,218,अल्पसंख्यक प्री-मैट्रिक छात्रवृत्ति योजना,https://cmhelpline.mp.gov.in/KnowYourEntitleDetail.aspx?status=ByVibhag&pointvalue=2&Schemeid=218
28,पिछड़ा वर्ग व अल्पसंख्यक कल्याण विभाग,877,पिछड़ा वर्ग राज्य छात्रवृत्ति योजना,https://cmhelpline.mp.gov.in/KnowYourEntitleDetail.aspx?status=ByVibhag&pointvalue=2&Schemeid=877
28,पिछड़ा वर्ग व अल्पसंख्यक कल्याण विभाग,950,पिछड़ा वर्ग पोस्ट मैट्रिक छात्रवृति योजना,https://cmhelpline.mp.gov.in/KnowYourEntitleDetail.aspx?status=ByVibhag&pointvalue=2&Schemeid=950
28,पिछड़ा वर्ग व अल्पसंख्यक कल्याण विभाग,953,पोस्ट मैट्रिक छात्रावास में प्रवेश,https://cmhelpline.mp.gov.in/KnowYourEntitleDetail.aspx?status=ByVibhag&pointvalue=2&Schemeid=953
28,पिछड़ा वर्ग व अल्पसंख्यक कल्याण विभाग,954,"राज्य स्तरीय रोजगार एवं प्रशिक्षण केन्द्र,(पिछड़ा वर्ग तथा अल्पसंख्यक वर्ग)
सरदार पटेल कोचिंग प्रशिक्षण योजना वर्ष २०२१",https://cmhelpline.mp.gov.in/KnowYourEntitleDetail.aspx?status=ByVibhag&pointvalue=2&Schemeid=954
31,मछुआ कल्याण एवं मत्स्य विकास विभाग,219,प्रधानमंत्री मत्स्य सम्पदा योजना - बचत-सह-राहत,https://cmhelpline.mp.gov.in/KnowYourEntitleDetail.aspx?status=ByVibhag&pointvalue=2&Schemeid=219
31,मछुआ कल्याण एवं मत्स्य विकास विभाग,220,प्रधानमंत्री मत्स्य सम्पदा योजना - जलाशयों मे केज कल्‍चर,https://cmhelpline.mp.gov.in/KnowYourEntitleDetail.aspx?status=ByVibhag&pointvalue=2&Schemeid=220
31,मछुआ कल्याण एवं मत्स्य विकास विभाग,222,प्रधानमंत्री मत्स्य सम्पदा योजना-मत्स्य बीज उत्पादन हेतु सर्कुलर हैचरी की स्थापना,https://cmhelpline.mp.gov.in/KnowYourEntitleDetail.aspx?status=ByVibhag&pointvalue=2&Schemeid=222
31,मछुआ कल्याण एवं मत्स्य विकास विभाग,227,शिक्षण एवं प्रशिक्षण,https://cmhelpline.mp.gov.in/KnowYourEntitleDetail.aspx?status=ByVibhag&pointvalue=2&Schemeid=227
31,मछुआ कल्याण एवं मत्स्य विकास विभाग,958,मुख्यमंत्री मछुआ समृद्धि योजना,https://cmhelpline.mp.gov.in/KnowYourEntitleDetail.aspx?status=ByVibhag&pointvalue=2&Schemeid=958
31,मछुआ कल्याण एवं मत्स्य विकास विभाग,977,मत्स्य पालन हेतु किसान क्रेडिट कार्ड योजना,https://cmhelpline.mp.gov.in/KnowYourEntitleDetail.aspx?status=ByVibhag&pointvalue=2&Schemeid=977
31,मछुआ कल्याण एवं मत्स्य विकास विभाग,986,निषादराज छात्रवृत्ति योजना,https://cmhelpline.mp.gov.in/KnowYourEntitleDetail.aspx?status=ByVibhag&pointvalue=2&Schemeid=986
32,महिला एवं बाल विकास विभाग,254,मंगल दिवस,https://cmhelpline.mp.gov.in/KnowYourEntitleDetail.aspx?status=ByVibhag&pointvalue=2&Schemeid=254
32,महिला एवं बाल विकास विभाग,250,उषा किरण योजना,https://cmhelpline.mp.gov.in/KnowYourEntitleDetail.aspx?status=ByVibhag&pointvalue=2&Schemeid=250
32,महिला एवं बाल विकास विभाग,588,उदिता योजना,https://cmhelpline.mp.gov.in/KnowYourEntitleDetail.aspx?status=ByVibhag&pointvalue=2&Schemeid=588
32,महिला एवं बाल विकास विभाग,248,आई.सी.डी.एस.-( समेकित बाल विकास योजना),https://cmhelpline.mp.gov.in/KnowYourEntitleDetail.aspx?status=ByVibhag&pointvalue=2&Schemeid=248
32,महिला एवं बाल विकास विभाग,252,किशोरी बालिकाओं के लिए योजना,https://cmhelpline.mp.gov.in/KnowYourEntitleDetail.aspx?status=ByVibhag&pointvalue=2&Schemeid=252
32,महिला एवं बाल विकास विभाग,258,समेकित बाल संरक्षण योजना,https://cmhelpline.mp.gov.in/KnowYourEntitleDetail.aspx?status=ByVibhag&pointvalue=2&Schemeid=258
32,महिला एवं बाल विकास विभाग,246,मुख्यमंत्री लाड़ली लक्ष्मी योजना,https://cmhelpline.mp.gov.in/KnowYourEntitleDetail.aspx?status=ByVibhag&pointvalue=2&Schemeid=246
32,महिला एवं बाल विकास विभाग,247,स्वाधार गृह योजना (अशासकीय संस्थाओं को सहायक अनुदान ),https://cmhelpline.mp.gov.in/KnowYourEntitleDetail.aspx?status=ByVibhag&pointvalue=2&Schemeid=247
32,महिला एवं बाल विकास विभाग,255,मुख्यमंत्री महिला सशक्तिकरण योजना,https://cmhelpline.mp.gov.in/KnowYourEntitleDetail.aspx?status=ByVibhag&pointvalue=2&Schemeid=255
32,महिला एवं बाल विकास विभाग,547,प्रधानमंत्री मातृ वंदना योजना (PMMVY),https://cmhelpline.mp.gov.in/KnowYourEntitleDetail.aspx?status=ByVibhag&pointvalue=2&Schemeid=547
32,महिला एवं बाल विकास विभाग,789,बेटी बचाओ बेटी पढाओ,https://cmhelpline.mp.gov.in/KnowYourEntitleDetail.aspx?status=ByVibhag&pointvalue=2&Schemeid=789
32,महिला एवं बाल विकास विभाग,790,शौर्यादल,https://cmhelpline.mp.gov.in/KnowYourEntitleDetail.aspx?status=ByVibhag&pointvalue=2&Schemeid=790
32,महिला एवं बाल विकास विभाग,919,मुख्यमंत्री बाल आशीर्वाद योजना,https://cmhelpline.mp.gov.in/KnowYourEntitleDetail.aspx?status=ByVibhag&pointvalue=2&Schemeid=919
32,महिला एवं बाल विकास विभाग,964,मुख्यमंत्री लाडली बहना योजना,https://cmhelpline.mp.gov.in/KnowYourEntitleDetail.aspx?status=ByVibhag&pointvalue=2&Schemeid=964
32,महिला एवं बाल विकास विभाग,970,घरेलु हिंसा की पीडिता के लिए सहायिता योजना,https://cmhelpline.mp.gov.in/KnowYourEntitleDetail.aspx?status=ByVibhag&pointvalue=2&Schemeid=970
34,राजस्व विभाग,606,मुख्यमंत्री किसान कल्याण योजना,https://cmhelpline.mp.gov.in/KnowYourEntitleDetail.aspx?status=ByVibhag&pointvalue=2&Schemeid=606
34,राजस्व विभाग,969,प्रधानमंत्री किसान सम्‍मान निधि,https://cmhelpline.mp.gov.in/KnowYourEntitleDetail.aspx?status=ByVibhag&pointvalue=2&Schemeid=969
34,राजस्व विभाग,972,मुख्‍यमंत्री नगरीय भू अधिकार योजना,https://cmhelpline.mp.gov.in/KnowYourEntitleDetail.aspx?status=ByVibhag&pointvalue=2&Schemeid=972
34,राजस्व विभाग,973,मुख्‍यमंत्री आवासीय भू अधिकार योजना,https://cmhelpline.mp.gov.in/KnowYourEntitleDetail.aspx?status=ByVibhag&pointvalue=2&Schemeid=973
37,लोक स्वास्थ्य एवं चिकित्सा शिक्षा विभाग,279,जननी एक्सप्रेस योजना,https://cmhelpline.mp.gov.in/KnowYourEntitleDetail.aspx?status=ByVibhag&pointvalue=2&Schemeid=279
37,लोक स्वास्थ्य एवं चिकित्सा शिक्षा विभाग,280,जननी शिशु सुरक्षा कार्यक्रम,https://cmhelpline.mp.gov.in/KnowYourEntitleDetail.aspx?status=ByVibhag&pointvalue=2&Schemeid=280
37,लोक स्वास्थ्य एवं चिकित्सा शिक्षा विभाग,287,महामारी की सूचना,https://cmhelpline.mp.gov.in/KnowYourEntitleDetail.aspx?status=ByVibhag&pointvalue=2&Schemeid=287
37,लोक स्वास्थ्य एवं चिकित्सा शिक्षा विभाग,281,जननी सहयोगी योजना,https://cmhelpline.mp.gov.in/KnowYourEntitleDetail.aspx?status=ByVibhag&pointvalue=2&Schemeid=281
37,लोक स्वास्थ्य एवं चिकित्सा शिक्षा विभाग,288,मुख्यमंत्री बाल हृदय उपचार योजना,https://cmhelpline.mp.gov.in/KnowYourEntitleDetail.aspx?status=ByVibhag&pointvalue=2&Schemeid=288
37,लोक स्वास्थ्य एवं चिकित्सा शिक्षा विभाग,289,मुख्यमंत्री नि:शुल्क औषधि वितरण योजना ।,https://cmhelpline.mp.gov.in/KnowYourEntitleDetail.aspx?status=ByVibhag&pointvalue=2&Schemeid=289
37,लोक स्वास्थ्य एवं चिकित्सा शिक्षा विभाग,276,विकलांगता प्रमाण पत्र दिया जाना,https://cmhelpline.mp.gov.in/KnowYourEntitleDetail.aspx?status=ByVibhag&pointvalue=2&Schemeid=276
37,लोक स्वास्थ्य एवं चिकित्सा शिक्षा विभाग,278,एकीकृत रोग निगरानी परियोजना,https://cmhelpline.mp.gov.in/KnowYourEntitleDetail.aspx?status=ByVibhag&pointvalue=2&Schemeid=278
37,लोक स्वास्थ्य एवं चिकित्सा शिक्षा विभाग,282,जननी सुरक्षा योजना,https://cmhelpline.mp.gov.in/KnowYourEntitleDetail.aspx?status=ByVibhag&pointvalue=2&Schemeid=282
37,लोक स्वास्थ्य एवं चिकित्सा शिक्षा विभाग,284,पुनरीक्षित राष्ट्रीय क्षय नियंत्रण कार्यक्रम,https://cmhelpline.mp.gov.in/KnowYourEntitleDetail.aspx?status=ByVibhag&pointvalue=2&Schemeid=284
37,लोक स्वास्थ्य एवं चिकित्सा शिक्षा विभाग,285,बाल शक्ति योजना,https://cmhelpline.mp.gov.in/KnowYourEntitleDetail.aspx?status=ByVibhag&pointvalue=2&Schemeid=285
37,लोक स्वास्थ्य एवं चिकित्सा शिक्षा विभाग,291,राष्ट्रीय बाल स्वास्थ्य कार्यक्रम,https://cmhelpline.mp.gov.in/KnowYourEntitleDetail.aspx?status=ByVibhag&pointvalue=2&Schemeid=291
37,लोक स्वास्थ्य एवं चिकित्सा शिक्षा विभाग,292,संजीवनी-108 आपात कालीन एम्बुलेंस सेवाएं,https://cmhelpline.mp.gov.in/KnowYourEntitleDetail.aspx?status=ByVibhag&pointvalue=2&Schemeid=292
37,लोक स्वास्थ्य एवं चिकित्सा शिक्षा विभाग,293,साप्ताहिक आयरन फोलिक एसिड अनुपूरण कार्यक्रम,https://cmhelpline.mp.gov.in/KnowYourEntitleDetail.aspx?status=ByVibhag&pointvalue=2&Schemeid=293
37,लोक स्वास्थ्य एवं चिकित्सा शिक्षा विभाग,548,आयुष्मान भारत योजना,https://cmhelpline.mp.gov.in/KnowYourEntitleDetail.aspx?status=ByVibhag&pointvalue=2&Schemeid=548
37,लोक स्वास्थ्य एवं चिकित्सा शिक्षा विभाग,600,कोरोना वायरस,https://cmhelpline.mp.gov.in/KnowYourEntitleDetail.aspx?status=ByVibhag&pointvalue=2&Schemeid=600
38,लोक स्वास्थ्य यांत्रिकी विभाग,576,समूह जल प्रदाय योजना ( जल जीवन मिशन),https://cmhelpline.mp.gov.in/KnowYourEntitleDetail.aspx?status=ByVibhag&pointvalue=2&Schemeid=576
38,लोक स्वास्थ्य यांत्रिकी विभाग,605,जल जीवन मिशन,https://cmhelpline.mp.gov.in/KnowYourEntitleDetail.aspx?status=ByVibhag&pointvalue=2&Schemeid=605
39,वन विभाग,308,राष्ट्रीय उद्यानों में प्रवेश हेतु ऑन लाईन आरक्षण,https://cmhelpline.mp.gov.in/KnowYourEntitleDetail.aspx?status=ByVibhag&pointvalue=2&Schemeid=308
39,वन विभाग,314,"वन्य प्राणियों द्वारा की जाने वाली जनहानि, जन घायल होने पर दी जाने वाली क्षतिपूर्ति राशि",https://cmhelpline.mp.gov.in/KnowYourEntitleDetail.aspx?status=ByVibhag&pointvalue=2&Schemeid=314
39,वन विभाग,312,वन प्रणियों द्वारा पशु हानि किये जाने पर क्षतिपूर्ति राशि ।,https://cmhelpline.mp.gov.in/KnowYourEntitleDetail.aspx?status=ByVibhag&pointvalue=2&Schemeid=312
39,वन विभाग,303,खरमोर सोनचिडिया पुरुस्कार योजना,https://cmhelpline.mp.gov.in/KnowYourEntitleDetail.aspx?status=ByVibhag&pointvalue=2&Schemeid=303
39,वन विभाग,315,वन्य प्राणी संरक्षण हेतु दान,https://cmhelpline.mp.gov.in/KnowYourEntitleDetail.aspx?status=ByVibhag&pointvalue=2&Schemeid=315
39,वन विभाग,864,वन एवं राजस्‍व सीमा से संबंधित विवाद,https://cmhelpline.mp.gov.in/KnowYourEntitleDetail.aspx?status=ByVibhag&pointvalue=2&Schemeid=864
39,वन विभाग,311,वन अपराध की गुप्त सूचना देने वाले के लिये पुरस्कार (311),https://cmhelpline.mp.gov.in/KnowYourEntitleDetail.aspx?status=ByVibhag&pointvalue=2&Schemeid=311
39,वन विभाग,858,मालिक मकबूजा / लोक वानिकी प्रकरण में भुगतान,https://cmhelpline.mp.gov.in/KnowYourEntitleDetail.aspx?status=ByVibhag&pointvalue=2&Schemeid=858
39,वन विभाग,300,काष्ठ के परिवहन का अनुज्ञापत्र प्रदान करना (300),https://cmhelpline.mp.gov.in/KnowYourEntitleDetail.aspx?status=ByVibhag&pointvalue=2&Schemeid=300
39,वन विभाग,962,सेवा क्र. 4.6 वन्यप्राणियों से फसल हानि का भुगतान (राजस्व एवं वन ग्रामों में ) प्रदाय के संबंध में।,https://cmhelpline.mp.gov.in/KnowYourEntitleDetail.aspx?status=ByVibhag&pointvalue=2&Schemeid=962
40,उद्योग नीति एवं निवेश प्रोत्साहन विभाग,318,"भारतीय भागीदारी अधि‍नि‍यम, 1932 के अधीन भागीदारी फर्मो का पंजीयन एवं पंजीकृत फर्म की रचना में परिवर्तन संबंधी सेवा (धारा  59,60, 61, 62, 63, 64)",https://cmhelpline.mp.gov.in/KnowYourEntitleDetail.aspx?status=ByVibhag&pointvalue=2&Schemeid=318
40,उद्योग नीति एवं निवेश प्रोत्साहन विभाग,689,"मध्यप्रदेश सोसायटी रजि‍स्ट्रीकरण अधि‍नि‍यम, 1973 के प्रावधानों के अनुसार पंजीकृत संस्‍था की कार्यकरण, गठन एवं वित्तीसय स्थि‍ति की जांच संबंधी सेवा (धारा32 (2))",https://cmhelpline.mp.gov.in/KnowYourEntitleDetail.aspx?status=ByVibhag&pointvalue=2&Schemeid=689
40,उद्योग नीति एवं निवेश प्रोत्साहन विभाग,690,"मध्यप्रदेश सोसायटी रजि‍स्ट्रीकरण अधि‍नि‍यम, 1973 के प्रावधानों के अनुसार पंजीकृत समितियों/ युवा मण्डलों/ महिला मण्डलों के विधान में संशोधन संबंधी सेवा (धारा 10)",https://cmhelpline.mp.gov.in/KnowYourEntitleDetail.aspx?status=ByVibhag&pointvalue=2&Schemeid=690
40,उद्योग नीति एवं निवेश प्रोत्साहन विभाग,691,"मध्यप्रदेश सोसायटी रजि‍स्ट्रीकरण अधि‍नि‍यम, 1973 के प्रावधानों के अनुसार प्रमाणित प्रतिलिपि प्राप्त करने संबंधी सेवा (धारा 29)",https://cmhelpline.mp.gov.in/KnowYourEntitleDetail.aspx?status=ByVibhag&pointvalue=2&Schemeid=691
40,उद्योग नीति एवं निवेश प्रोत्साहन विभाग,692,"मध्यप्रदेश सोसायटी रजि‍स्ट्रीकरण अधि‍नि‍यम, 1973 के प्रावधानों के अनुसार समिति, युवा मण्डल, महिला मण्डल आदि सेवाभावी संस्थाआनों के पंजीयन संबंधी सेवा (धारा 7)",https://cmhelpline.mp.gov.in/KnowYourEntitleDetail.aspx?status=ByVibhag&pointvalue=2&Schemeid=692
40,उद्योग नीति एवं निवेश प्रोत्साहन विभाग,693,"मध्यप्रदेश सोसायटी रजि‍स्ट्रीकरण अधि‍नि‍यम, 1973 के प्रावधानों के अनुसार अचल सम्पत्ति के क्रय/ विक्रय/ दान/ अन्यथा उपयोग हेतु अनुमति प्राप्त करने संबंधी सेवा (धारा21)",https://cmhelpline.mp.gov.in/KnowYourEntitleDetail.aspx?status=ByVibhag&pointvalue=2&Schemeid=693
43,वित्त विभाग,916,प्रधानमंत्री जीवन ज्योति बीमा योजना,https://cmhelpline.mp.gov.in/KnowYourEntitleDetail.aspx?status=ByVibhag&pointvalue=2&Schemeid=916
43,वित्त विभाग,917,अटल पेंशन योजना,https://cmhelpline.mp.gov.in/KnowYourEntitleDetail.aspx?status=ByVibhag&pointvalue=2&Schemeid=917
43,वित्त विभाग,918,किसान क्रेडिट कार्ड (कमर्शियल बैंकों के माध्यम से),https://cmhelpline.mp.gov.in/KnowYourEntitleDetail.aspx?status=ByVibhag&pointvalue=2&Schemeid=918
47,श्रम विभाग,903,अनुग्रह सहायता योजना  (श्रम कल्‍याण मंडल),https://cmhelpline.mp.gov.in/KnowYourEntitleDetail.aspx?status=ByVibhag&pointvalue=2&Schemeid=903
47,श्रम विभाग,333,प्रसूति सहायता योजना 2004 (भवन एवं अन्‍य सनिर्माण कर्मकार मण्‍डल),https://cmhelpline.mp.gov.in/KnowYourEntitleDetail.aspx?status=ByVibhag&pointvalue=2&Schemeid=333
47,श्रम विभाग,327,निर्माण श्रमिको का पंजीयन (भवन एवं  अन्‍य संनिर्माण कर्मकार मण्‍डल),https://cmhelpline.mp.gov.in/KnowYourEntitleDetail.aspx?status=ByVibhag&pointvalue=2&Schemeid=327
47,श्रम विभाग,339,श्रमिक कौशल प्रशिक्षण योजना 2012 (भवन एवं अन्‍य संनिर्माण कर्मकार मण्‍डल),https://cmhelpline.mp.gov.in/KnowYourEntitleDetail.aspx?status=ByVibhag&pointvalue=2&Schemeid=339
47,श्रम विभाग,906,विवाह सहायता योजना ( श्रम कल्‍याण मंडल),https://cmhelpline.mp.gov.in/KnowYourEntitleDetail.aspx?status=ByVibhag&pointvalue=2&Schemeid=906
47,श्रम विभाग,439,निर्माण कार्य के दौरान दुर्घटना की स्थिति में स्थायी अपंगता होने पर सहायता प्रदान करना (भवन एवं अन्‍य संनिर्माण कर्मकार मण्‍डल),https://cmhelpline.mp.gov.in/KnowYourEntitleDetail.aspx?status=ByVibhag&pointvalue=2&Schemeid=439
47,श्रम विभाग,892,रियायती दर पर कॉपियों का वितरण (श्रम कल्‍याण  मंडल),https://cmhelpline.mp.gov.in/KnowYourEntitleDetail.aspx?status=ByVibhag&pointvalue=2&Schemeid=892
47,श्रम विभाग,694,मुख्‍यमंत्री जनकल्‍याण (संबल 2.0) योजना (असंगठित कर्मकार मण्‍डल ),https://cmhelpline.mp.gov.in/KnowYourEntitleDetail.aspx?status=ByVibhag&pointvalue=2&Schemeid=694
47,श्रम विभाग,888,शैक्षणिक छात्रवृत्ति योजना मध्‍यप्रदेश (श्रम कल्‍याण मंडल भोपाल),https://cmhelpline.mp.gov.in/KnowYourEntitleDetail.aspx?status=ByVibhag&pointvalue=2&Schemeid=888
47,श्रम विभाग,900,उत्तम श्रमिक पुरस्कार योजना (श्रम कल्‍याण मंडल),https://cmhelpline.mp.gov.in/KnowYourEntitleDetail.aspx?status=ByVibhag&pointvalue=2&Schemeid=900
47,श्रम विभाग,905,अंतिम संस्‍कार योजना ( श्रम कल्‍याण मंडल),https://cmhelpline.mp.gov.in/KnowYourEntitleDetail.aspx?status=ByVibhag&pointvalue=2&Schemeid=905
47,श्रम विभाग,907,कल्‍याणी सहायता योजना ( श्रम कल्‍याण मंडल),https://cmhelpline.mp.gov.in/KnowYourEntitleDetail.aspx?status=ByVibhag&pointvalue=2&Schemeid=907
47,श्रम विभाग,336,मृत्‍यु की दशा में अंत्‍य‍ेष्टि एवं अनुग्रह सहायता योजना (भवन एवं अन्‍य संनिर्माण कर्मकार मंडल),https://cmhelpline.mp.gov.in/KnowYourEntitleDetail.aspx?status=ByVibhag&pointvalue=2&Schemeid=336
47,श्रम विभाग,772,निर्माण स्‍थल पर कार्य के दौरान अपंजीकृत श्रमिक की मृत्‍यु की दशा में अंत्‍येष्टि एवं अनुग्रह राशि भुगतान योजना (भवन एवं अन्‍य संनिर्माण कर्मकार कल्‍याण मंडल),https://cmhelpline.mp.gov.in/KnowYourEntitleDetail.aspx?status=ByVibhag&pointvalue=2&Schemeid=772
47,श्रम विभाग,773,सुपर 5000 कक्षा 12वीं (भवन एवं अन्‍य संनिर्माण कर्मकार कल्‍याण मंडल),https://cmhelpline.mp.gov.in/KnowYourEntitleDetail.aspx?status=ByVibhag&pointvalue=2&Schemeid=773
47,श्रम विभाग,774,सुपर 5000 कक्षा 10वीं (भवन एवं अन्‍य संनिर्माण कर्मकार कल्‍याण मंडल),https://cmhelpline.mp.gov.in/KnowYourEntitleDetail.aspx?status=ByVibhag&pointvalue=2&Schemeid=774
47,श्रम विभाग,775,सायकल अनुदान योजना (भवन एवं अन्‍य संनिर्माण कर्मकार कल्‍याण मंडल),https://cmhelpline.mp.gov.in/KnowYourEntitleDetail.aspx?status=ByVibhag&pointvalue=2&Schemeid=775
47,श्रम विभाग,901,श्रमिक साहित्य पुरस्कार योजना (श्रम कल्‍याण मंडल),https://cmhelpline.mp.gov.in/KnowYourEntitleDetail.aspx?status=ByVibhag&pointvalue=2&Schemeid=901
47,श्रम विभाग,881,राज्‍य लोक सेवा/संघ लोक सेवा आयोग की परीक्षा पर सफलता पर पुरस्‍कार योजना (भवन एवं अन्‍य संनिर्माण कर्मकार कल्‍याण मंडल),https://cmhelpline.mp.gov.in/KnowYourEntitleDetail.aspx?status=ByVibhag&pointvalue=2&Schemeid=881
47,श्रम विभाग,882,औजार उपकरण खरीदी हेतु अनुदान योजना (भवन एवं अन्‍य संनिर्माण कर्मकार कल्‍याण मंडल),https://cmhelpline.mp.gov.in/KnowYourEntitleDetail.aspx?status=ByVibhag&pointvalue=2&Schemeid=882
47,श्रम विभाग,883,खिलाडी प्रोत्‍साहन योजना (भवन एवं अन्‍य संनिर्माण कर्मकार कल्‍याण मंडल),https://cmhelpline.mp.gov.in/KnowYourEntitleDetail.aspx?status=ByVibhag&pointvalue=2&Schemeid=883
47,श्रम विभाग,890,शिक्षा प्रोत्साहन पुरस्कार योजना (श्रम कल्‍याण मंडल),https://cmhelpline.mp.gov.in/KnowYourEntitleDetail.aspx?status=ByVibhag&pointvalue=2&Schemeid=890
47,श्रम विभाग,978,मध्‍यप्रदेश भवन संनिर्माण कर्मकार (श्रम योगी मानधन) पेंशन योजना 2024,https://cmhelpline.mp.gov.in/KnowYourEntitleDetail.aspx?status=ByVibhag&pointvalue=2&Schemeid=978
51,सहकारिता विभाग,352,किसान क्रेडिट कार्ड जारी करना,https://cmhelpline.mp.gov.in/KnowYourEntitleDetail.aspx?status=ByVibhag&pointvalue=2&Schemeid=352
51,सहकारिता विभाग,353,कृषि आदान उपलब्ध कराना,https://cmhelpline.mp.gov.in/KnowYourEntitleDetail.aspx?status=ByVibhag&pointvalue=2&Schemeid=353
51,सहकारिता विभाग,354,सहकारी समितियों का पंजीयन,https://cmhelpline.mp.gov.in/KnowYourEntitleDetail.aspx?status=ByVibhag&pointvalue=2&Schemeid=354
52,सामाजिक न्याय एवं दिव्यांगजन सशक्तिकरण विभाग,355,समग्र सामाजिक सुरक्षा पेंशन योजना,https://cmhelpline.mp.gov.in/KnowYourEntitleDetail.aspx?status=ByVibhag&pointvalue=2&Schemeid=355
52,सामाजिक न्याय एवं दिव्यांगजन सशक्तिकरण विभाग,356,इन्दिरा गाँधी राष्ट्रीय वृध्दावस्था पेंशन योजना,https://cmhelpline.mp.gov.in/KnowYourEntitleDetail.aspx?status=ByVibhag&pointvalue=2&Schemeid=356
52,सामाजिक न्याय एवं दिव्यांगजन सशक्तिकरण विभाग,357,इंदिरा गाँधी राष्ट्रीय विधवा पेंशन योजना,https://cmhelpline.mp.gov.in/KnowYourEntitleDetail.aspx?status=ByVibhag&pointvalue=2&Schemeid=357
52,सामाजिक न्याय एवं दिव्यांगजन सशक्तिकरण विभाग,358,इंदिरा गाँधी राष्ट्रीय नि:शक्त पेंशन योजना,https://cmhelpline.mp.gov.in/KnowYourEntitleDetail.aspx?status=ByVibhag&pointvalue=2&Schemeid=358
52,सामाजिक न्याय एवं दिव्यांगजन सशक्तिकरण विभाग,359,राष्ट्रीय परिवार सहायता योजना,https://cmhelpline.mp.gov.in/KnowYourEntitleDetail.aspx?status=ByVibhag&pointvalue=2&Schemeid=359
52,सामाजिक न्याय एवं दिव्यांगजन सशक्तिकरण विभाग,360,अन्त्येष्टि सहायता योजना,https://cmhelpline.mp.gov.in/KnowYourEntitleDetail.aspx?status=ByVibhag&pointvalue=2&Schemeid=360
52,सामाजिक न्याय एवं दिव्यांगजन सशक्तिकरण विभाग,367,नि:शक्तजन विवाह प्रोत्साहन योजना,https://cmhelpline.mp.gov.in/KnowYourEntitleDetail.aspx?status=ByVibhag&pointvalue=2&Schemeid=367
52,सामाजिक न्याय एवं दिव्यांगजन सशक्तिकरण विभाग,368,निःशक्त विद्यार्थियों को उच्च शिक्षा हेतु विदेश अध्ययन हेतु छात्रवृत्ति योजना,https://cmhelpline.mp.gov.in/KnowYourEntitleDetail.aspx?status=ByVibhag&pointvalue=2&Schemeid=368
52,सामाजिक न्याय एवं दिव्यांगजन सशक्तिकरण विभाग,369,निःशक्त विद्यार्थियों हेतु छात्रगृह योजना,https://cmhelpline.mp.gov.in/KnowYourEntitleDetail.aspx?status=ByVibhag&pointvalue=2&Schemeid=369
52,सामाजिक न्याय एवं दिव्यांगजन सशक्तिकरण विभाग,372,मुख्यमंत्री कन्या अभिभावक पेंशन योजना,https://cmhelpline.mp.gov.in/KnowYourEntitleDetail.aspx?status=ByVibhag&pointvalue=2&Schemeid=372
52,सामाजिक न्याय एवं दिव्यांगजन सशक्तिकरण विभाग,374,मुख्यमंत्री नि:शक्त शिक्षा प्रोत्साहन योजना,https://cmhelpline.mp.gov.in/KnowYourEntitleDetail.aspx?status=ByVibhag&pointvalue=2&Schemeid=374
52,सामाजिक न्याय एवं दिव्यांगजन सशक्तिकरण विभाग,572,मुख्यमंत्री अविवाहिता पेंशन योजना,https://cmhelpline.mp.gov.in/KnowYourEntitleDetail.aspx?status=ByVibhag&pointvalue=2&Schemeid=572
52,सामाजिक न्याय एवं दिव्यांगजन सशक्तिकरण विभाग,573,मुख्‍यमंत्री कल्याणी विवाह सहायता योजना,https://cmhelpline.mp.gov.in/KnowYourEntitleDetail.aspx?status=ByVibhag&pointvalue=2&Schemeid=573
52,सामाजिक न्याय एवं दिव्यांगजन सशक्तिकरण विभाग,373,मुख्यमंत्री कन्या विवाह योजना,https://cmhelpline.mp.gov.in/KnowYourEntitleDetail.aspx?status=ByVibhag&pointvalue=2&Schemeid=373
52,सामाजिक न्याय एवं दिव्यांगजन सशक्तिकरण विभाग,366,नि:शक्त व्यक्तियों को विशेष साधन/उपकरण प्रदान योजना एवं शल्यक्रिया उपचार सहायता,https://cmhelpline.mp.gov.in/KnowYourEntitleDetail.aspx?status=ByVibhag&pointvalue=2&Schemeid=366
52,सामाजिक न्याय एवं दिव्यांगजन सशक्तिकरण विभाग,706,मुख्यमंत्री निकाह योजना,https://cmhelpline.mp.gov.in/KnowYourEntitleDetail.aspx?status=ByVibhag&pointvalue=2&Schemeid=706
52,सामाजिक न्याय एवं दिव्यांगजन सशक्तिकरण विभाग,707,"मध्यप्रदेश निःशक्त छात्र/ छात्राओं के लिये उच्च शिक्षा में दी जाने वाली फीस निर्वाह भत्ता, परिवहन भत्ता योजना",https://cmhelpline.mp.gov.in/KnowYourEntitleDetail.aspx?status=ByVibhag&pointvalue=2&Schemeid=707
52,सामाजिक न्याय एवं दिव्यांगजन सशक्तिकरण विभाग,365,छः वर्ष से अधिक आयु के बहुविकलांग और मानसिक रूप से अविकसित निःशक्तजन के लिए सहायता अनुदान योजना,https://cmhelpline.mp.gov.in/KnowYourEntitleDetail.aspx?status=ByVibhag&pointvalue=2&Schemeid=365
52,सामाजिक न्याय एवं दिव्यांगजन सशक्तिकरण विभाग,370,निःशक्त विद्यार्थियों के लिये सिविल सेवा प्रोत्साहन योजना,https://cmhelpline.mp.gov.in/KnowYourEntitleDetail.aspx?status=ByVibhag&pointvalue=2&Schemeid=370
52,सामाजिक न्याय एवं दिव्यांगजन सशक्तिकरण विभाग,911,चिकित्सक की अनुशंसा से निःशुल्क कृत्रिम अंग सहायक उपकरण,https://cmhelpline.mp.gov.in/KnowYourEntitleDetail.aspx?status=ByVibhag&pointvalue=2&Schemeid=911
52,सामाजिक न्याय एवं दिव्यांगजन सशक्तिकरण विभाग,908,दिव्यांग छात्रवृत्ति,https://cmhelpline.mp.gov.in/KnowYourEntitleDetail.aspx?status=ByVibhag&pointvalue=2&Schemeid=908
52,सामाजिक न्याय एवं दिव्यांगजन सशक्तिकरण विभाग,976,आई.टी.आई. में प्रवेशित श्रवण एवं दृष्टिबाधित दिव्‍यांग छात्र छात्राओं के लिये आवास सहायता योजना,https://cmhelpline.mp.gov.in/KnowYourEntitleDetail.aspx?status=ByVibhag&pointvalue=2&Schemeid=976
56,स्कूल शिक्षा विभाग,393,पोस्टमेट्रिक अ.जा. छात्रवृत्ति  कक्षा ११ एवं १२ (नवीन एवं नवीनीकरण) (गैर छात्रावासी) छात्रावासी,https://cmhelpline.mp.gov.in/KnowYourEntitleDetail.aspx?status=ByVibhag&pointvalue=2&Schemeid=393
56,स्कूल शिक्षा विभाग,398,"विमुक्त, घुमक्कड एवं अर्द्ध घुमक्कड जनजाति वर्ग, पोस्टमेट्रिक छात्रवृत्ति (नवीन एवं नवीनीकरण) (छात्रावासी) गैर छात्रावासीकक्षा ११ एवं  १२",https://cmhelpline.mp.gov.in/KnowYourEntitleDetail.aspx?status=ByVibhag&pointvalue=2&Schemeid=398
56,स्कूल शिक्षा विभाग,408,मृत/अपंग/से.नि. कर्मचारी के बच्चों को छात्रवृत्ति कक्षा १ से  १२ तक   (केवल शास. विद्या. के लिये),https://cmhelpline.mp.gov.in/KnowYourEntitleDetail.aspx?status=ByVibhag&pointvalue=2&Schemeid=408
56,स्कूल शिक्षा विभाग,394,पोस्टमेट्रिक अनु. जन जाति छात्रवृत्ति कक्षा ११ एवं   १२   (नवीन एवं नवीनीकरण) (छात्रावासी एवं गैर छात्रावासी ),https://cmhelpline.mp.gov.in/KnowYourEntitleDetail.aspx?status=ByVibhag&pointvalue=2&Schemeid=394
56,स्कूल शिक्षा विभाग,396,पोस्टमेट्रिक अनु. जाति छात्रवृत्ति कक्षा ११ एवं   १२  (नवीन एवं नवीनीकरण) (छात्रावासी),https://cmhelpline.mp.gov.in/KnowYourEntitleDetail.aspx?status=ByVibhag&pointvalue=2&Schemeid=396
56,स्कूल शिक्षा विभाग,397,"पोस्टमेट्रिक विमुक्त, घुमक्कड एवं अर्द्ध घुमक्कड जनजाति वर्ग,  छात्रवृत्ति (नवीन एवं नवीनीकरण) (गैर छात्रावासी) कक्षा ११ से १२",https://cmhelpline.mp.gov.in/KnowYourEntitleDetail.aspx?status=ByVibhag&pointvalue=2&Schemeid=397
56,स्कूल शिक्षा विभाग,379,अनु. जनजाति कन्या साक्षरता प्रोत्साहन राशि कक्षा ११ के लिए,https://cmhelpline.mp.gov.in/KnowYourEntitleDetail.aspx?status=ByVibhag&pointvalue=2&Schemeid=379
56,स्कूल शिक्षा विभाग,380,केंद  प्रवर्तित सफाई एवं जोखिम पूर्ण कार्य  छात्रवृत्ति कक्षा 1 से  10,https://cmhelpline.mp.gov.in/KnowYourEntitleDetail.aspx?status=ByVibhag&pointvalue=2&Schemeid=380
56,स्कूल शिक्षा विभाग,382,इकलौती बेटी को शिक्षा विकास छात्रवृति  कक्षा ११ एवं १२,https://cmhelpline.mp.gov.in/KnowYourEntitleDetail.aspx?status=ByVibhag&pointvalue=2&Schemeid=382
56,स्कूल शिक्षा विभाग,383,केन्द्र प्रवर्तित योजना-बालिका छात्रावास,https://cmhelpline.mp.gov.in/KnowYourEntitleDetail.aspx?status=ByVibhag&pointvalue=2&Schemeid=383
56,स्कूल शिक्षा विभाग,384,प्रतिभाशाली विद्यार्थी प्रोत्साहन योजना,https://cmhelpline.mp.gov.in/KnowYourEntitleDetail.aspx?status=ByVibhag&pointvalue=2&Schemeid=384
56,स्कूल शिक्षा विभाग,385,छात्र-छात्राओ को नि:शुल्क गणवेश,https://cmhelpline.mp.gov.in/KnowYourEntitleDetail.aspx?status=ByVibhag&pointvalue=2&Schemeid=385
56,स्कूल शिक्षा विभाग,392,पोस्ट मेट्रिक पिछडावर्ग छात्रवृत्ति कक्षा ११ एवं  १२  गैरछात्रावासी एवं छात्रावासी,https://cmhelpline.mp.gov.in/KnowYourEntitleDetail.aspx?status=ByVibhag&pointvalue=2&Schemeid=392
56,स्कूल शिक्षा विभाग,387,डॉ. ए.पी.जे. अब्दुल कलाम मेधावी छात्र प्रोत्साहन योजना।कक्षा १२वीं उत्तीर्ण (केवल शास विद्या.क लिये),https://cmhelpline.mp.gov.in/KnowYourEntitleDetail.aspx?status=ByVibhag&pointvalue=2&Schemeid=387
56,स्कूल शिक्षा विभाग,389,दिव्यांग विद्यार्थियों के लिये  छात्रवृत्ति योजना  कक्षा १ से   १२,https://cmhelpline.mp.gov.in/KnowYourEntitleDetail.aspx?status=ByVibhag&pointvalue=2&Schemeid=389
56,स्कूल शिक्षा विभाग,390,राष्ट्रीय मीन्स कम मेरिट छात्रवृत्ति योजना चयन परीक्षा,https://cmhelpline.mp.gov.in/KnowYourEntitleDetail.aspx?status=ByVibhag&pointvalue=2&Schemeid=390
56,स्कूल शिक्षा विभाग,391,पितृहीन कन्याओं को छात्रवृत्ति कक्षा १ से  १२ तक  (केवल शास. विद्या. के लिये),https://cmhelpline.mp.gov.in/KnowYourEntitleDetail.aspx?status=ByVibhag&pointvalue=2&Schemeid=391
56,स्कूल शिक्षा विभाग,399,"केन्द्र प्रवर्तित प्री-मेट्रिक अनु.जाति छात्रवृत्ति कक्षा 09 से 10,  Component-I",https://cmhelpline.mp.gov.in/KnowYourEntitleDetail.aspx?status=ByVibhag&pointvalue=2&Schemeid=399
56,स्कूल शिक्षा विभाग,403,मदरसों में गुणवत्ता परक शिक्षा प्रदान करने की योजना।,https://cmhelpline.mp.gov.in/KnowYourEntitleDetail.aspx?status=ByVibhag&pointvalue=2&Schemeid=403
56,स्कूल शिक्षा विभाग,405,माडल स्कूल की स्थापना एवं संचालन,https://cmhelpline.mp.gov.in/KnowYourEntitleDetail.aspx?status=ByVibhag&pointvalue=2&Schemeid=405
56,स्कूल शिक्षा विभाग,409,"राज्य शासन अ.जा. छात्रवृत्ति (नवीन एवं नवीनीकरण) 
कक्षा 1 से 5 (केवल बालिकाओं के लिए)
कक्षा 6 से 8",https://cmhelpline.mp.gov.in/KnowYourEntitleDetail.aspx?status=ByVibhag&pointvalue=2&Schemeid=409
56,स्कूल शिक्षा विभाग,410,राज्य शासन अनु. जनजाति छात्रवृत्ति (नवीन एवं नवीनीकरण) कक्षा 1 से 8 योजना क्र-8805 (0102,https://cmhelpline.mp.gov.in/KnowYourEntitleDetail.aspx?status=ByVibhag&pointvalue=2&Schemeid=410
56,स्कूल शिक्षा विभाग,411,राज्य शासन पिछडा वर्ग छात्रवृत्ति कक्षा ६ से   १०,https://cmhelpline.mp.gov.in/KnowYourEntitleDetail.aspx?status=ByVibhag&pointvalue=2&Schemeid=411
56,स्कूल शिक्षा विभाग,412,विद्यार्थियों को नि:शुल्क पाठ्य पुस्तक वितरण,https://cmhelpline.mp.gov.in/KnowYourEntitleDetail.aspx?status=ByVibhag&pointvalue=2&Schemeid=412
56,स्कूल शिक्षा विभाग,413,"विमुक्त, घुमक्कड एवं अर्द्ध घुमक्कड जनजाति कल्याण विभाग राज्य छात्रवृत्ति कक्षा १ से    १०",https://cmhelpline.mp.gov.in/KnowYourEntitleDetail.aspx?status=ByVibhag&pointvalue=2&Schemeid=413
56,स्कूल शिक्षा विभाग,420,निःशुल्क सायकिल वितरण योजना (कक्षा 6वीं एवं 9वी में प्रवेश लेने वाले छात्र-छात्रांए),https://cmhelpline.mp.gov.in/KnowYourEntitleDetail.aspx?status=ByVibhag&pointvalue=2&Schemeid=420
56,स्कूल शिक्षा विभाग,419,सामान्य निर्धन वर्ग छात्रवृत्ति (कक्षा ६से ८)(केवल शास. विद्या. के लिये),https://cmhelpline.mp.gov.in/KnowYourEntitleDetail.aspx?status=ByVibhag&pointvalue=2&Schemeid=419
56,स्कूल शिक्षा विभाग,421,सुदामा प्री-मेट्रिक छात्रवृत्ति योजना (कक्षा ९वीं से १०वीं) (केवल शास विद्या. के लिये),https://cmhelpline.mp.gov.in/KnowYourEntitleDetail.aspx?status=ByVibhag&pointvalue=2&Schemeid=421
56,स्कूल शिक्षा विभाग,422,सुदामा शिष्यवृत्ति योजना (कक्षा ११वीं एवं १२वीं),https://cmhelpline.mp.gov.in/KnowYourEntitleDetail.aspx?status=ByVibhag&pointvalue=2&Schemeid=422
56,स्कूल शिक्षा विभाग,423,स्वामी विवेकानंद पोस्ट मेट्रिक प्रावीण्य छात्रवृत्ति योजना कक्षा ११वीं एवं १२वीं (केवल शास विद्या. के लिये),https://cmhelpline.mp.gov.in/KnowYourEntitleDetail.aspx?status=ByVibhag&pointvalue=2&Schemeid=423
56,स्कूल शिक्षा विभाग,428,नेताजी सुभाषचन्द्र बोस बालिका छात्रावास (कक्षा 6 से 8 तक),https://cmhelpline.mp.gov.in/KnowYourEntitleDetail.aspx?status=ByVibhag&pointvalue=2&Schemeid=428
56,स्कूल शिक्षा विभाग,429,"कस्तूरबा गांधी बालिका विद्यालय (कक्षा 6 से 12 तक)
टाइप-I (कक्षा 6 से 8)
टाइप-III  (कक्षा 6 से 12)",https://cmhelpline.mp.gov.in/KnowYourEntitleDetail.aspx?status=ByVibhag&pointvalue=2&Schemeid=429
56,स्कूल शिक्षा विभाग,430,नेताजी सुभाषचन्द्र बोस बालक आवासीय छात्रावास योजना (कक्षा 1 से 8 तक),https://cmhelpline.mp.gov.in/KnowYourEntitleDetail.aspx?status=ByVibhag&pointvalue=2&Schemeid=430
56,स्कूल शिक्षा विभाग,432,विशेष आवश्यकता वाले बच्चों के छात्रावास (कक्षा 1 से 8 तक) का संचालन।,https://cmhelpline.mp.gov.in/KnowYourEntitleDetail.aspx?status=ByVibhag&pointvalue=2&Schemeid=432
56,स्कूल शिक्षा विभाग,928,कस्तूरबा गांधी बालिका छात्रावास (टाईप IV)  (केंद्र प्रवर्तित ),https://cmhelpline.mp.gov.in/KnowYourEntitleDetail.aspx?status=ByVibhag&pointvalue=2&Schemeid=928
56,स्कूल शिक्षा विभाग,937,अनु. जाति कन्या साक्षरता प्रोत्साहन राशि -कक्षा 11वीं,https://cmhelpline.mp.gov.in/KnowYourEntitleDetail.aspx?status=ByVibhag&pointvalue=2&Schemeid=937
56,स्कूल शिक्षा विभाग,938,"कन्या साक्षरता प्रोत्साहन राशि कक्षा 11वीं (विमुक्त, घुमक्कड एवं अर्द्ध घुमक्कड जनजाति कल्याण विभाग )",https://cmhelpline.mp.gov.in/KnowYourEntitleDetail.aspx?status=ByVibhag&pointvalue=2&Schemeid=938
56,स्कूल शिक्षा विभाग,939,केन्द्र प्रवर्तित प्री-मेट्रिकअनु.जनजाति छात्रवृत्ति (कक्षा 09 से 10),https://cmhelpline.mp.gov.in/KnowYourEntitleDetail.aspx?status=ByVibhag&pointvalue=2&Schemeid=939
56,स्कूल शिक्षा विभाग,940,समग्र शिक्षा सेंकेण्ड्री एज्युकेशन के अंतर्गत समावेशी शिक्षा।,https://cmhelpline.mp.gov.in/KnowYourEntitleDetail.aspx?status=ByVibhag&pointvalue=2&Schemeid=940
56,स्कूल शिक्षा विभाग,945,भारत सरकार विज्ञान एवं प्रौद्योगिकी  विभाग द्वारा संचालित “इंस्पायर अवार्ड मानक योजना“,https://cmhelpline.mp.gov.in/KnowYourEntitleDetail.aspx?status=ByVibhag&pointvalue=2&Schemeid=945
56,स्कूल शिक्षा विभाग,983,सुपर 100 योजना,https://cmhelpline.mp.gov.in/KnowYourEntitleDetail.aspx?status=ByVibhag&pointvalue=2&Schemeid=983
56,स्कूल शिक्षा विभाग,984,निःशुल्क ई-स्कूटी/आईसीईएस प्रदाय योजना,https://cmhelpline.mp.gov.in/KnowYourEntitleDetail.aspx?status=ByVibhag&pointvalue=2&Schemeid=984
70,सूक्ष्म लघु और मध्यम उद्यम विभाग,61,प्रधानमंत्री रोजगार सृजन कार्यक्रम (PMEGP),https://cmhelpline.mp.gov.in/KnowYourEntitleDetail.aspx?status=ByVibhag&pointvalue=2&Schemeid=61
70,सूक्ष्म लघु और मध्यम उद्यम विभाग,915,मुख्यमंत्री उद्यम क्रांति योजना,https://cmhelpline.mp.gov.in/KnowYourEntitleDetail.aspx?status=ByVibhag&pointvalue=2&Schemeid=915
